Workbook

Sheet 대시보드
D3: 전사 경영성과 Factbook 개요 | U3: =YEAR('0. 개요'!AE2)&"-"&MONTH('0. 개요'!AE2) -> 2026-2
U4: =MONTH('0. 개요'!AE2) -> 2

Sheet 0. 개요
A2: =YEAR(AE2)&"년 "&MONTH(AE2)&"월 전사 경영 성과 Factbook" -> 2026년 2월 전사 경영 성과 Factbook | AC2: 기준월 : | AE2: 46054

Sheet 0. 목차
A2: 0. 목차 | AC2: 기준월 : | AE2: ='0. 개요'!AE2 -> 46054
A5: 순번 | C5: 구분 | F5: 상세 내용 | P5: 마감일시 | Z5: 페이지
A6: 1 | C6: 재무 | F6: ① 매출 (통신매출, 유통플랫폼사업매출) | K6: ② 판매비와 일반관리비 | P6: 21일 ~ 26일 (회계 결산 마감 이후 반영) | T6: • • • • • • • • • • • • • • • • • • • • • • • • • • • • • • • • • • | Z6: 1 ~ 3
F7: ③ 채널별 영업이익 | K7: ④ 주요 채널 상세 재무지표 요약
A8: 2 | C8: 무선가입자 | F8: ① 일반 후불 (전체) 가입자(CAPA) | K8: ② 일반 후불 (IoT) 가입자(CAPA) | P8: ~ 16일 | T8: • • • • • • • • • • • • • • • • • • • • • • • • • • • • • • • • • • | Z8: 4 ~ 5
F9: ③ 도소매 조직별 가입자(CAPA) | K9: ④ 채널별 판매 ARPU / 무선 증분 매출
A10: 2-(1) | C10: 무선가입자 (상세) | F10: ① 관리수수료 8.5% 대상 가입자(CAPA) | K10: ② 위탁 H/C 2.2% 대상 가입자(CAPA) | P10: ~ 16일 | T10: • • • • • • • • • • • • • • • • • • • • • • • • • • • • • • • • • • | Z10: 6 ~ 7
F11: ③ 채널별 일반 후불 (전체) 가입자(CAPA) | K11: ④ 채널별 무선 관리수수료
A12: 3 | C12: 유선가입자 | F12: ① 유선 전체 (I+TV) 가입자 | K12: ② 유선 순신규 (I+TV) 가입자 | P12: ~ 16일 | T12: • • • • • • • • • • • • • • • • • • • • • • • • • • • • • • • • • • | Z12: 8 ~ 9
F13: ③ 도소매 조직별 (I+TV) 가입자 | K13: ④ 유선 Quality 채널별 비중
A14: 3-(1) | C14: 유선가입자(상세) | F14: ① 채널별 인터넷 (I) 가입자 상세 | K14: ② 채널별 TV 가입자 상세 | P14: ~ 16일 | T14: • • • • • • • • • • • • • • • • • • • • • • • • • • • • • • • • • • | Z14: 10 ~ 11
F15: ③ 채널별 유선 관리수수료
A16: 4 | C16: 디지털 | F16: ① KT닷컴 운영 후불/ 유선 순신규 가입자 | K16: ② KT닷컴 전용 요고 요금제 실적 | P16: ~ 13일 (전월 가입자 / 인력 마감 이후) | T16: • • • • • • • • • • • • • • • • • • • • • • • • • • • • • • • • • • | Z16: 12
F17: ③ 라이브 방송 실적 | K17: ④ 영업센터 파트별 인력 현황
A18: 5 | C18: 소상공인 | F18: ① 전체 무선 후불 / 유선 순신규 가입자 | K18: ② 본부별 무선 후불 / 유선 순신규 가입자 | P18: ~ 13일 (전월 가입자 / 인력 마감 이후) | T18: • • • • • • • • • • • • • • • • • • • • • • • • • • • • • • • • • • | Z18: 13 ~ 14
F19: ③ 소상공인 전체 인력 현황 | K19: ④ 본부별 인력 충원 / 등급 / 포인트
A20: 6 | C20: B2B | F20: ① B2B 전체 유무선 가입자 실적 | K20: ② 기업영업 / 법인 영업 유무선 가입자 실적 | P20: ~ 13일 | T20: • • • • • • • • • • • • • • • • • • • • • • • • • • • • • • • • • • | Z20: 15
A21: 7 | C21: 유통플랫폼사업 | F21: ① 시연폰 사업 매입 / 매각 현황 | K21: ② 중고폰 사업 매입 / 매각 현황 | P21: 13일 ~ 18일 (전월 가입자 / 매출액 마감 이후) | T21: • • • • • • • • • • • • • • • • • • • • • • • • • • • • • • • • • • | Z21: 16
F22: ③ 코코넛 허브 가입 및 출고 현황 | K22: ④ 코코넛 Mall 이용자 및 매출액
A23: 8 | C23: 인프라 | F23: ① 소매 매장 조직별 인프라 현황 | K23: ② 매장 생산성 (후불 + 유선 순신규) | P23: ~ 16일 | T23: • • • • • • • • • • • • • • • • • • • • • • • • • • • • • • • • • • | Z23: 17
F24: ③ 도매센터 조직별 인프라 현황
A25: 9 | C25: 인력 | F25: ① 전사 인력 현황 | K25: ② 직급별 인력 현황 | P25: ~ 16일 | T25: • • • • • • • • • • • • • • • • • • • • • • • • • • • • • • • • • • | Z25: 18 ~ 20
F26: ③ 도소매 조직별 인력 현황
A27: 10 | C27: 영업품질 | F27: ① 도소매 R-VOC 인입 현황 | K27: ② 도소매 대외 민원 접수 / 귀책 건수 | P27: ~ 16일 (대외 민원 / 음성적 재가입은 익익월 산출) | T27: • • • • • • • • • • • • • • • • • • • • • • • • • • • • • • • • • • | Z27: 21 ~ 22
F28: ③ 도소매 불완전 판매 현황 | K28: ④ 도소매 음성적 재가입 현황
A29: 11 | C29: 재고 | F29: ① 단말 / 유선 재고 현황 | K29: ② 제조사별 직매입 현황 | P29: ~ 16일 | T29: • • • • • • • • • • • • • • • • • • • • • • • • • • • • • • • • • • | Z29: 23
F30: ③ 제조사별 판매 현황 (KT 내 비중) | K30: ④ 엣지프로젝트 수량 및 마진 현황
A31: 12 | C31: 기타지표 | F31: ① 지사별 TCSI 점수 현황 | K31: ② 전략 상품 판매 현황 | P31: ~ 16일 | T31: • • • • • • • • • • • • • • • • • • • • • • • • • • • • • • • • • • | Z31: 24

Sheet 1.재무
F1: CC | G1: BQ | H1: BR | I1: BS | J1: BT | K1: BU | L1: BV | M1: =R1 -> CU | N1: cd | O1: ce | P1: CR | Q1: CS | R1: CU | S1: CV | T1: CW | U1: CX | V1: 실적
A2: 1. 재무
E4: ※ 내부 도전목표 | G4: '25년 상반기 | N4: '26년 상반기 | R4: ='※ 재무_세부시트'!CU3 -> 연간누적실적(~2월)
A5: 구분 | E5: 설명 | F5: '25년 계 | G5: {=INDIRECT("'※ 재무_세부시트'!"&G$1&$V5, TRUE)} -> '25.1월 | H5: {=INDIRECT("'※ 재무_세부시트'!"&H$1&$V5, TRUE)} -> '25.2월 | I5: {=INDIRECT("'※ 재무_세부시트'!"&I$1&$V5, TRUE)} -> '25.3월 | J5: {=INDIRECT("'※ 재무_세부시트'!"&J$1&$V5, TRUE)} -> '25.4월 | K5: {=INDIRECT("'※ 재무_세부시트'!"&K$1&$V5, TRUE)} -> '25.5월 | L5: {=INDIRECT("'※ 재무_세부시트'!"&L$1&$V5, TRUE)} -> '25.6월 | M5: '26년 계 | N5: {=INDIRECT("'※ 재무_세부시트'!"&N$1&$V5, TRUE)} -> '26.1월 | O5: {=INDIRECT("'※ 재무_세부시트'!"&O$1&$V5, TRUE)} -> '26.2월 | P5: 전월대비 | Q5: 전년 동월대비 | R5: 누적 | S5: 목표대비 | T5: 달성률 | U5: 전년 동기대비 | V5: 4
A6: 총매출 (ⓐ+ⓑ+ⓒ+ⓓ) | F6: {=INDIRECT("'※ 재무_세부시트'!"&F$1&$V6, TRUE)} -> 7534.581 | G6: {=INDIRECT("'※ 재무_세부시트'!"&G$1&$V6, TRUE)} -> 560.63833 | H6: {=INDIRECT("'※ 재무_세부시트'!"&H$1&$V6, TRUE)} -> 1003.2939 | I6: {=INDIRECT("'※ 재무_세부시트'!"&I$1&$V6, TRUE)} -> 569.23055 | J6: {=INDIRECT("'※ 재무_세부시트'!"&J$1&$V6, TRUE)} -> 449.51814 | K6: {=INDIRECT("'※ 재무_세부시트'!"&K$1&$V6, TRUE)} -> 517.36254 | L6: {=INDIRECT("'※ 재무_세부시트'!"&L$1&$V6, TRUE)} -> 544.95947 | M6: {=INDIRECT("'※ 재무_세부시트'!"&M$1&$V6, TRUE)} -> 1266.7957 | ... U6: {=INDIRECT("'※ 재무_세부시트'!"&U$1&$V6, TRUE)} -> -297.13652 | V6: 5
B7: 상품매출 (ⓐ+ⓓ) | F7: {=INDIRECT("'※ 재무_세부시트'!"&F$1&$V7, TRUE)} -> 4676.9607 | G7: {=INDIRECT("'※ 재무_세부시트'!"&G$1&$V7, TRUE)} -> 377.4824 | H7: {=INDIRECT("'※ 재무_세부시트'!"&H$1&$V7, TRUE)} -> 737.1983 | I7: {=INDIRECT("'※ 재무_세부시트'!"&I$1&$V7, TRUE)} -> 368.49675 | J7: {=INDIRECT("'※ 재무_세부시트'!"&J$1&$V7, TRUE)} -> 243.45807 | K7: {=INDIRECT("'※ 재무_세부시트'!"&K$1&$V7, TRUE)} -> 287.03542 | L7: {=INDIRECT("'※ 재무_세부시트'!"&L$1&$V7, TRUE)} -> 319.55447 | M7: {=INDIRECT("'※ 재무_세부시트'!"&M$1&$V7, TRUE)} -> 796.36152 | ... U7: {=INDIRECT("'※ 재무_세부시트'!"&U$1&$V7, TRUE)} -> -318.31918 | V7: 6
B8: 상품원가 | F8: {=INDIRECT("'※ 재무_세부시트'!"&F$1&$V8, TRUE)} -> 5012.7115 | G8: {=INDIRECT("'※ 재무_세부시트'!"&G$1&$V8, TRUE)} -> 388.7483 | H8: {=INDIRECT("'※ 재무_세부시트'!"&H$1&$V8, TRUE)} -> 790.57614 | I8: {=INDIRECT("'※ 재무_세부시트'!"&I$1&$V8, TRUE)} -> 385.18887 | J8: {=INDIRECT("'※ 재무_세부시트'!"&J$1&$V8, TRUE)} -> 256.63171 | K8: {=INDIRECT("'※ 재무_세부시트'!"&K$1&$V8, TRUE)} -> 307.72262 | L8: {=INDIRECT("'※ 재무_세부시트'!"&L$1&$V8, TRUE)} -> 324.79942 | M8: {=INDIRECT("'※ 재무_세부시트'!"&M$1&$V8, TRUE)} -> 878.50721 | ... U8: {=INDIRECT("'※ 재무_세부시트'!"&U$1&$V8, TRUE)} -> -300.81723 | V8: 7
B9: 상품이익 | F9: {=INDIRECT("'※ 재무_세부시트'!"&F$1&$V9, TRUE)} -> -335.75085 | G9: {=INDIRECT("'※ 재무_세부시트'!"&G$1&$V9, TRUE)} -> -11.265901 | H9: {=INDIRECT("'※ 재무_세부시트'!"&H$1&$V9, TRUE)} -> -53.377835 | I9: {=INDIRECT("'※ 재무_세부시트'!"&I$1&$V9, TRUE)} -> -16.692117 | J9: {=INDIRECT("'※ 재무_세부시트'!"&J$1&$V9, TRUE)} -> -13.173643 | K9: {=INDIRECT("'※ 재무_세부시트'!"&K$1&$V9, TRUE)} -> -20.6872 | L9: {=INDIRECT("'※ 재무_세부시트'!"&L$1&$V9, TRUE)} -> -5.2449434 | M9: {=INDIRECT("'※ 재무_세부시트'!"&M$1&$V9, TRUE)} -> -82.145691 | ... U9: {=INDIRECT("'※ 재무_세부시트'!"&U$1&$V9, TRUE)} -> -17.501956 | V9: 8
B10: * 프리할부 | F10: {=INDIRECT("'※ 재무_세부시트'!"&F$1&$V10, TRUE)} -> 56.4834 | G10: {=INDIRECT("'※ 재무_세부시트'!"&G$1&$V10, TRUE)} -> 15.730997 | H10: {=INDIRECT("'※ 재무_세부시트'!"&H$1&$V10, TRUE)} -> 40.752403 | I10: {=INDIRECT("'※ 재무_세부시트'!"&I$1&$V10, TRUE)} -> 0 | J10: {=INDIRECT("'※ 재무_세부시트'!"&J$1&$V10, TRUE)} -> 0 | K10: {=INDIRECT("'※ 재무_세부시트'!"&K$1&$V10, TRUE)} -> 0 | L10: {=INDIRECT("'※ 재무_세부시트'!"&L$1&$V10, TRUE)} -> 0 | M10: {=INDIRECT("'※ 재무_세부시트'!"&M$1&$V10, TRUE)} -> 0 | ... U10: {=INDIRECT("'※ 재무_세부시트'!"&U$1&$V10, TRUE)} -> -56.4834 | V10: 9
B11: 통신 매출 (ⓐ+ⓑ) | F11: {=INDIRECT("'※ 재무_세부시트'!"&F$1&$V11, TRUE)} -> 6977.9968 | G11: {=INDIRECT("'※ 재무_세부시트'!"&G$1&$V11, TRUE)} -> 533.56526 | H11: {=INDIRECT("'※ 재무_세부시트'!"&H$1&$V11, TRUE)} -> 937.0369 | I11: {=INDIRECT("'※ 재무_세부시트'!"&I$1&$V11, TRUE)} -> 520.82451 | J11: {=INDIRECT("'※ 재무_세부시트'!"&J$1&$V11, TRUE)} -> 413.50723 | K11: {=INDIRECT("'※ 재무_세부시트'!"&K$1&$V11, TRUE)} -> 474.81409 | L11: {=INDIRECT("'※ 재무_세부시트'!"&L$1&$V11, TRUE)} -> 497.40316 | M11: {=INDIRECT("'※ 재무_세부시트'!"&M$1&$V11, TRUE)} -> 1224.1525 | ... U11: {=INDIRECT("'※ 재무_세부시트'!"&U$1&$V11, TRUE)} -> -246.44967 | V11: 10
B12: 상품매출(통신) ⓐ | F12: {=INDIRECT("'※ 재무_세부시트'!"&F$1&$V12, TRUE)} -> 4166.8023 | G12: {=INDIRECT("'※ 재무_세부시트'!"&G$1&$V12, TRUE)} -> 355.07525 | H12: {=INDIRECT("'※ 재무_세부시트'!"&H$1&$V12, TRUE)} -> 679.23028 | I12: {=INDIRECT("'※ 재무_세부시트'!"&I$1&$V12, TRUE)} -> 321.5338 | J12: {=INDIRECT("'※ 재무_세부시트'!"&J$1&$V12, TRUE)} -> 213.07458 | K12: {=INDIRECT("'※ 재무_세부시트'!"&K$1&$V12, TRUE)} -> 246.36239 | L12: {=INDIRECT("'※ 재무_세부시트'!"&L$1&$V12, TRUE)} -> 274.80847 | M12: {=INDIRECT("'※ 재무_세부시트'!"&M$1&$V12, TRUE)} -> 758.76916 | ... U12: {=INDIRECT("'※ 재무_세부시트'!"&U$1&$V12, TRUE)} -> -275.53637 | V12: 11
B13: 수수료매출(통신) ⓑ | F13: {=INDIRECT("'※ 재무_세부시트'!"&F$1&$V13, TRUE)} -> 2811.1945 | G13: {=INDIRECT("'※ 재무_세부시트'!"&G$1&$V13, TRUE)} -> 178.49001 | H13: {=INDIRECT("'※ 재무_세부시트'!"&H$1&$V13, TRUE)} -> 257.80661 | I13: {=INDIRECT("'※ 재무_세부시트'!"&I$1&$V13, TRUE)} -> 199.29071 | J13: {=INDIRECT("'※ 재무_세부시트'!"&J$1&$V13, TRUE)} -> 200.43265 | K13: {=INDIRECT("'※ 재무_세부시트'!"&K$1&$V13, TRUE)} -> 228.4517 | L13: {=INDIRECT("'※ 재무_세부시트'!"&L$1&$V13, TRUE)} -> 222.5947 | M13: {=INDIRECT("'※ 재무_세부시트'!"&M$1&$V13, TRUE)} -> 465.38333 | ... U13: {=INDIRECT("'※ 재무_세부시트'!"&U$1&$V13, TRUE)} -> 29.0867 | V13: 12 | AB13: =SUM(G79:J79)/SUM(G13:J13,G50:J50) -> 0.10223774
C14: 정책수수료 | F14: {=INDIRECT("'※ 재무_세부시트'!"&F$1&$V14, TRUE)} -> 1729.0321 | G14: {=INDIRECT("'※ 재무_세부시트'!"&G$1&$V14, TRUE)} -> 95.784424 | H14: {=INDIRECT("'※ 재무_세부시트'!"&H$1&$V14, TRUE)} -> 166.62482 | I14: {=INDIRECT("'※ 재무_세부시트'!"&I$1&$V14, TRUE)} -> 110.26219 | J14: {=INDIRECT("'※ 재무_세부시트'!"&J$1&$V14, TRUE)} -> 103.99978 | K14: {=INDIRECT("'※ 재무_세부시트'!"&K$1&$V14, TRUE)} -> 141.27507 | L14: {=INDIRECT("'※ 재무_세부시트'!"&L$1&$V14, TRUE)} -> 121.71604 | M14: {=INDIRECT("'※ 재무_세부시트'!"&M$1&$V14, TRUE)} -> 291.61496 | ... U14: {=INDIRECT("'※ 재무_세부시트'!"&U$1&$V14, TRUE)} -> 29.205717 | V14: 13
C15: 유무선 | D15: 무선 | E15: 무선 판매관련 수수료 | F15: {=INDIRECT("'※ 재무_세부시트'!"&F$1&$V15, TRUE)} -> 1588.9649 | G15: {=INDIRECT("'※ 재무_세부시트'!"&G$1&$V15, TRUE)} -> 90.1286 | H15: {=INDIRECT("'※ 재무_세부시트'!"&H$1&$V15, TRUE)} -> 143.86298 | I15: {=INDIRECT("'※ 재무_세부시트'!"&I$1&$V15, TRUE)} -> 101.90002 | J15: {=INDIRECT("'※ 재무_세부시트'!"&J$1&$V15, TRUE)} -> 94.597902 | K15: {=INDIRECT("'※ 재무_세부시트'!"&K$1&$V15, TRUE)} -> 123.0866 | L15: {=INDIRECT("'※ 재무_세부시트'!"&L$1&$V15, TRUE)} -> 121.90912 | M15: {=INDIRECT("'※ 재무_세부시트'!"&M$1&$V15, TRUE)} -> 256.70963 | ... U15: {=INDIRECT("'※ 재무_세부시트'!"&U$1&$V15, TRUE)} -> 22.718057 | V15: 14
D16: 유선 | E16: 유선 판매관련 수수료 | F16: {=INDIRECT("'※ 재무_세부시트'!"&F$1&$V16, TRUE)} -> 140.06721 | G16: {=INDIRECT("'※ 재무_세부시트'!"&G$1&$V16, TRUE)} -> 5.6558239 | H16: {=INDIRECT("'※ 재무_세부시트'!"&H$1&$V16, TRUE)} -> 22.761839 | I16: {=INDIRECT("'※ 재무_세부시트'!"&I$1&$V16, TRUE)} -> 8.3621768 | J16: {=INDIRECT("'※ 재무_세부시트'!"&J$1&$V16, TRUE)} -> 9.4018754 | K16: {=INDIRECT("'※ 재무_세부시트'!"&K$1&$V16, TRUE)} -> 18.188465 | L16: {=INDIRECT("'※ 재무_세부시트'!"&L$1&$V16, TRUE)} -> -0.19308902 | M16: {=INDIRECT("'※ 재무_세부시트'!"&M$1&$V16, TRUE)} -> 34.905323 | ... U16: {=INDIRECT("'※ 재무_세부시트'!"&U$1&$V16, TRUE)} -> 6.4876597 | V16: 15
C17: 채널 | D17: 소매 | F17: {=INDIRECT("'※ 재무_세부시트'!"&F$1&$V17, TRUE)} -> 1174.2224 | G17: {=INDIRECT("'※ 재무_세부시트'!"&G$1&$V17, TRUE)} -> 49.550632 | H17: {=INDIRECT("'※ 재무_세부시트'!"&H$1&$V17, TRUE)} -> 135.13312 | I17: {=INDIRECT("'※ 재무_세부시트'!"&I$1&$V17, TRUE)} -> 97.077539 | J17: {=INDIRECT("'※ 재무_세부시트'!"&J$1&$V17, TRUE)} -> 93.319228 | K17: {=INDIRECT("'※ 재무_세부시트'!"&K$1&$V17, TRUE)} -> 120.71904 | L17: {=INDIRECT("'※ 재무_세부시트'!"&L$1&$V17, TRUE)} -> 87.744517 | M17: {=INDIRECT("'※ 재무_세부시트'!"&M$1&$V17, TRUE)} -> 149.3654 | ... R17: {=INDIRECT("'※ 재무_세부시트'!"&R$1&$V17, TRUE)} -> 149.3654 | U17: {=INDIRECT("'※ 재무_세부시트'!"&U$1&$V17, TRUE)} -> -35.318355 | V17: 16
D18: 도매 | F18: {=INDIRECT("'※ 재무_세부시트'!"&F$1&$V18, TRUE)} -> 14.56284 | G18: {=INDIRECT("'※ 재무_세부시트'!"&G$1&$V18, TRUE)} -> 1.8922512 | H18: {=INDIRECT("'※ 재무_세부시트'!"&H$1&$V18, TRUE)} -> 2.4818942 | I18: {=INDIRECT("'※ 재무_세부시트'!"&I$1&$V18, TRUE)} -> 0.70588278 | J18: {=INDIRECT("'※ 재무_세부시트'!"&J$1&$V18, TRUE)} -> 3.8676704 | K18: {=INDIRECT("'※ 재무_세부시트'!"&K$1&$V18, TRUE)} -> 0.20809046 | L18: {=INDIRECT("'※ 재무_세부시트'!"&L$1&$V18, TRUE)} -> 0.95145149 | M18: {=INDIRECT("'※ 재무_세부시트'!"&M$1&$V18, TRUE)} -> 2.0552305 | ... R18: {=INDIRECT("'※ 재무_세부시트'!"&R$1&$V18, TRUE)} -> 2.0552305 | U18: {=INDIRECT("'※ 재무_세부시트'!"&U$1&$V18, TRUE)} -> -2.3189149 | V18: 17
D19: 디지털 | F19: {=INDIRECT("'※ 재무_세부시트'!"&F$1&$V19, TRUE)} -> 364.0574 | G19: {=INDIRECT("'※ 재무_세부시트'!"&G$1&$V19, TRUE)} -> 24.53915 | H19: {=INDIRECT("'※ 재무_세부시트'!"&H$1&$V19, TRUE)} -> 24.976993 | I19: {=INDIRECT("'※ 재무_세부시트'!"&I$1&$V19, TRUE)} -> 8.5582728 | J19: {=INDIRECT("'※ 재무_세부시트'!"&J$1&$V19, TRUE)} -> 10.236852 | K19: {=INDIRECT("'※ 재무_세부시트'!"&K$1&$V19, TRUE)} -> 13.668366 | L19: {=INDIRECT("'※ 재무_세부시트'!"&L$1&$V19, TRUE)} -> 22.241117 | M19: {=INDIRECT("'※ 재무_세부시트'!"&M$1&$V19, TRUE)} -> 87.604155 | ... R19: {=INDIRECT("'※ 재무_세부시트'!"&R$1&$V19, TRUE)} -> 87.604155 | U19: {=INDIRECT("'※ 재무_세부시트'!"&U$1&$V19, TRUE)} -> 38.088012 | V19: 18
C20: 신사업 제외 | D20: 기타 | E20: B2B, 대형마트, 소상공인(25년~) 등 | F20: {=INDIRECT("'※ 재무_세부시트'!"&F$1&$V20, TRUE)} -> 394.21894 | G20: {=INDIRECT("'※ 재무_세부시트'!"&G$1&$V20, TRUE)} -> 18.417866 | H20: {=INDIRECT("'※ 재무_세부시트'!"&H$1&$V20, TRUE)} -> 28.322453 | I20: {=INDIRECT("'※ 재무_세부시트'!"&I$1&$V20, TRUE)} -> 23.0726 | J20: {=INDIRECT("'※ 재무_세부시트'!"&J$1&$V20, TRUE)} -> 21.997285 | K20: {=INDIRECT("'※ 재무_세부시트'!"&K$1&$V20, TRUE)} -> 29.546987 | L20: {=INDIRECT("'※ 재무_세부시트'!"&L$1&$V20, TRUE)} -> 48.038093 | M20: {=INDIRECT("'※ 재무_세부시트'!"&M$1&$V20, TRUE)} -> 70.375773 | ... R20: {=INDIRECT("'※ 재무_세부시트'!"&R$1&$V20, TRUE)} -> 70.375773 | U20: {=INDIRECT("'※ 재무_세부시트'!"&U$1&$V20, TRUE)} -> 23.635454 | V20: 19
D21: 순액처리 | F21: {=INDIRECT("'※ 재무_세부시트'!"&F$1&$V21, TRUE)} -> -218.02947 | G21: {=INDIRECT("'※ 재무_세부시트'!"&G$1&$V21, TRUE)} -> 1.3845247 | H21: {=INDIRECT("'※ 재무_세부시트'!"&H$1&$V21, TRUE)} -> -24.289645 | I21: {=INDIRECT("'※ 재무_세부시트'!"&I$1&$V21, TRUE)} -> -19.1521 | J21: {=INDIRECT("'※ 재무_세부시트'!"&J$1&$V21, TRUE)} -> -25.421259 | K21: {=INDIRECT("'※ 재무_세부시트'!"&K$1&$V21, TRUE)} -> -22.867412 | L21: {=INDIRECT("'※ 재무_세부시트'!"&L$1&$V21, TRUE)} -> -37.259143 | M21: {=INDIRECT("'※ 재무_세부시트'!"&M$1&$V21, TRUE)} -> -17.7856 | ... R21: {=INDIRECT("'※ 재무_세부시트'!"&R$1&$V21, TRUE)} -> -17.7856 | U21: {=INDIRECT("'※ 재무_세부시트'!"&U$1&$V21, TRUE)} -> 5.1195205 | V21: 20
C22: 관리수수료 | F22: {=INDIRECT("'※ 재무_세부시트'!"&F$1&$V22, TRUE)} -> 615.64255 | G22: {=INDIRECT("'※ 재무_세부시트'!"&G$1&$V22, TRUE)} -> 49.926384 | H22: {=INDIRECT("'※ 재무_세부시트'!"&H$1&$V22, TRUE)} -> 52.970258 | I22: {=INDIRECT("'※ 재무_세부시트'!"&I$1&$V22, TRUE)} -> 49.264715 | J22: {=INDIRECT("'※ 재무_세부시트'!"&J$1&$V22, TRUE)} -> 56.60334 | K22: {=INDIRECT("'※ 재무_세부시트'!"&K$1&$V22, TRUE)} -> 46.224101 | L22: {=INDIRECT("'※ 재무_세부시트'!"&L$1&$V22, TRUE)} -> 59.260522 | M22: {=INDIRECT("'※ 재무_세부시트'!"&M$1&$V22, TRUE)} -> 98.842087 | ... U22: {=INDIRECT("'※ 재무_세부시트'!"&U$1&$V22, TRUE)} -> -4.0545552 | V22: 21
C23: 유무선 | D23: 무선 | E23: 도매 HC 포함 | F23: {=INDIRECT("'※ 재무_세부시트'!"&F$1&$V23, TRUE)} -> 456.77828 | G23: {=INDIRECT("'※ 재무_세부시트'!"&G$1&$V23, TRUE)} -> 35.549797 | H23: {=INDIRECT("'※ 재무_세부시트'!"&H$1&$V23, TRUE)} -> 38.023935 | I23: {=INDIRECT("'※ 재무_세부시트'!"&I$1&$V23, TRUE)} -> 34.712852 | J23: {=INDIRECT("'※ 재무_세부시트'!"&J$1&$V23, TRUE)} -> 42.590158 | K23: {=INDIRECT("'※ 재무_세부시트'!"&K$1&$V23, TRUE)} -> 32.231392 | L23: {=INDIRECT("'※ 재무_세부시트'!"&L$1&$V23, TRUE)} -> 45.135692 | M23: {=INDIRECT("'※ 재무_세부시트'!"&M$1&$V23, TRUE)} -> 72.568051 | ... R23: {=INDIRECT("'※ 재무_세부시트'!"&R$1&$V23, TRUE)} -> 72.568051 | U23: {=INDIRECT("'※ 재무_세부시트'!"&U$1&$V23, TRUE)} -> -1.0056811 | V23: 22
D24: 유선 | F24: {=INDIRECT("'※ 재무_세부시트'!"&F$1&$V24, TRUE)} -> 68.278925 | G24: {=INDIRECT("'※ 재무_세부시트'!"&G$1&$V24, TRUE)} -> 5.8569293 | H24: {=INDIRECT("'※ 재무_세부시트'!"&H$1&$V24, TRUE)} -> 6.3086738 | I24: {=INDIRECT("'※ 재무_세부시트'!"&I$1&$V24, TRUE)} -> 6.4937648 | J24: {=INDIRECT("'※ 재무_세부시트'!"&J$1&$V24, TRUE)} -> 5.7726904 | K24: {=INDIRECT("'※ 재무_세부시트'!"&K$1&$V24, TRUE)} -> 5.6720753 | L24: {=INDIRECT("'※ 재무_세부시트'!"&L$1&$V24, TRUE)} -> 5.5931315 | M24: {=INDIRECT("'※ 재무_세부시트'!"&M$1&$V24, TRUE)} -> 10.24197 | ... R24: {=INDIRECT("'※ 재무_세부시트'!"&R$1&$V24, TRUE)} -> 10.24197 | U24: {=INDIRECT("'※ 재무_세부시트'!"&U$1&$V24, TRUE)} -> -1.9236332 | V24: 23
D25: 기타 | F25: {=INDIRECT("'※ 재무_세부시트'!"&F$1&$V25, TRUE)} -> 90.585339 | G25: {=INDIRECT("'※ 재무_세부시트'!"&G$1&$V25, TRUE)} -> 8.5196579 | H25: {=INDIRECT("'※ 재무_세부시트'!"&H$1&$V25, TRUE)} -> 8.6376484 | I25: {=INDIRECT("'※ 재무_세부시트'!"&I$1&$V25, TRUE)} -> 8.0580981 | J25: {=INDIRECT("'※ 재무_세부시트'!"&J$1&$V25, TRUE)} -> 8.2404921 | K25: {=INDIRECT("'※ 재무_세부시트'!"&K$1&$V25, TRUE)} -> 8.3206333 | L25: {=INDIRECT("'※ 재무_세부시트'!"&L$1&$V25, TRUE)} -> 8.5316987 | M25: {=INDIRECT("'※ 재무_세부시트'!"&M$1&$V25, TRUE)} -> 16.032065 | ... R25: {=INDIRECT("'※ 재무_세부시트'!"&R$1&$V25, TRUE)} -> 16.032065 | U25: {=INDIRECT("'※ 재무_세부시트'!"&U$1&$V25, TRUE)} -> -1.1252409 | V25: 24
C26: 항목 | D26: 무선후불 | E26: 관리수수료(6.5%)+H/C(2%) | F26: {=INDIRECT("'※ 재무_세부시트'!"&F$1&$V26, TRUE)} -> 417.986 | G26: {=INDIRECT("'※ 재무_세부시트'!"&G$1&$V26, TRUE)} -> 32.386892 | H26: {=INDIRECT("'※ 재무_세부시트'!"&H$1&$V26, TRUE)} -> 34.844772 | I26: {=INDIRECT("'※ 재무_세부시트'!"&I$1&$V26, TRUE)} -> 31.558001 | J26: {=INDIRECT("'※ 재무_세부시트'!"&J$1&$V26, TRUE)} -> 39.311072 | K26: {=INDIRECT("'※ 재무_세부시트'!"&K$1&$V26, TRUE)} -> 28.917454 | L26: {=INDIRECT("'※ 재무_세부시트'!"&L$1&$V26, TRUE)} -> 41.972786 | M26: {=INDIRECT("'※ 재무_세부시트'!"&M$1&$V26, TRUE)} -> 66.26524 | ... R26: {=INDIRECT("'※ 재무_세부시트'!"&R$1&$V26, TRUE)} -> 66.26524 | U26: {=INDIRECT("'※ 재무_세부시트'!"&U$1&$V26, TRUE)} -> -0.9664237 | V26: 25
D27: 2nd 등 기타단말 | E27: PAD, wearable 등 | F27: {=INDIRECT("'※ 재무_세부시트'!"&F$1&$V27, TRUE)} -> 17.832613 | G27: {=INDIRECT("'※ 재무_세부시트'!"&G$1&$V27, TRUE)} -> 1.4180424 | H27: {=INDIRECT("'※ 재무_세부시트'!"&H$1&$V27, TRUE)} -> 1.4337838 | I27: {=INDIRECT("'※ 재무_세부시트'!"&I$1&$V27, TRUE)} -> 1.4274744 | J27: {=INDIRECT("'※ 재무_세부시트'!"&J$1&$V27, TRUE)} -> 1.5287669 | K27: {=INDIRECT("'※ 재무_세부시트'!"&K$1&$V27, TRUE)} -> 1.5329222 | L27: {=INDIRECT("'※ 재무_세부시트'!"&L$1&$V27, TRUE)} -> 1.4180424 | M27: {=INDIRECT("'※ 재무_세부시트'!"&M$1&$V27, TRUE)} -> 3.021095 | ... R27: {=INDIRECT("'※ 재무_세부시트'!"&R$1&$V27, TRUE)} -> 3.021095 | U27: {=INDIRECT("'※ 재무_세부시트'!"&U$1&$V27, TRUE)} -> 0.16926879 | V27: 26
D28: IoT | E28: M2M 가입자 | F28: {=INDIRECT("'※ 재무_세부시트'!"&F$1&$V28, TRUE)} -> 20.959672 | G28: {=INDIRECT("'※ 재무_세부시트'!"&G$1&$V28, TRUE)} -> 1.7448628 | H28: {=INDIRECT("'※ 재무_세부시트'!"&H$1&$V28, TRUE)} -> 1.7453801 | I28: {=INDIRECT("'※ 재무_세부시트'!"&I$1&$V28, TRUE)} -> 1.7273761 | J28: {=INDIRECT("'※ 재무_세부시트'!"&J$1&$V28, TRUE)} -> 1.7503189 | K28: {=INDIRECT("'※ 재무_세부시트'!"&K$1&$V28, TRUE)} -> 1.781016 | L28: {=INDIRECT("'※ 재무_세부시트'!"&L$1&$V28, TRUE)} -> 1.7448628 | M28: {=INDIRECT("'※ 재무_세부시트'!"&M$1&$V28, TRUE)} -> 3.2817167 | ... R28: {=INDIRECT("'※ 재무_세부시트'!"&R$1&$V28, TRUE)} -> 3.2817167 | U28: {=INDIRECT("'※ 재무_세부시트'!"&U$1&$V28, TRUE)} -> -0.20852616 | V28: 27
D29: 인터넷 | F29: {=INDIRECT("'※ 재무_세부시트'!"&F$1&$V29, TRUE)} -> 43.773921 | G29: {=INDIRECT("'※ 재무_세부시트'!"&G$1&$V29, TRUE)} -> 3.8039285 | H29: {=INDIRECT("'※ 재무_세부시트'!"&H$1&$V29, TRUE)} -> 4.1171956 | I29: {=INDIRECT("'※ 재무_세부시트'!"&I$1&$V29, TRUE)} -> 4.3993616 | J29: {=INDIRECT("'※ 재무_세부시트'!"&J$1&$V29, TRUE)} -> 3.7391066 | K29: {=INDIRECT("'※ 재무_세부시트'!"&K$1&$V29, TRUE)} -> 3.6557821 | L29: {=INDIRECT("'※ 재무_세부시트'!"&L$1&$V29, TRUE)} -> 3.5924523 | M29: {=INDIRECT("'※ 재무_세부시트'!"&M$1&$V29, TRUE)} -> 6.2722214 | ... R29: {=INDIRECT("'※ 재무_세부시트'!"&R$1&$V29, TRUE)} -> 6.2722214 | U29: {=INDIRECT("'※ 재무_세부시트'!"&U$1&$V29, TRUE)} -> -1.6489027 | V29: 28
D30: TV | F30: {=INDIRECT("'※ 재무_세부시트'!"&F$1&$V30, TRUE)} -> 23.132791 | G30: {=INDIRECT("'※ 재무_세부시트'!"&G$1&$V30, TRUE)} -> 1.9646245 | H30: {=INDIRECT("'※ 재무_세부시트'!"&H$1&$V30, TRUE)} -> 2.1139593 | I30: {=INDIRECT("'※ 재무_세부시트'!"&I$1&$V30, TRUE)} -> 2.0006825 | J30: {=INDIRECT("'※ 재무_세부시트'!"&J$1&$V30, TRUE)} -> 1.944559 | K30: {=INDIRECT("'※ 재무_세부시트'!"&K$1&$V30, TRUE)} -> 1.9207854 | L30: {=INDIRECT("'※ 재무_세부시트'!"&L$1&$V30, TRUE)} -> 1.9006985 | M30: {=INDIRECT("'※ 재무_세부시트'!"&M$1&$V30, TRUE)} -> 3.6118059 | ... R30: {=INDIRECT("'※ 재무_세부시트'!"&R$1&$V30, TRUE)} -> 3.6118059 | U30: {=INDIRECT("'※ 재무_세부시트'!"&U$1&$V30, TRUE)} -> -0.46677782 | V30: 29
D31: 유선기타 | E31: SOIP, 기가아이즈, PSTN 등 | F31: {=INDIRECT("'※ 재무_세부시트'!"&F$1&$V31, TRUE)} -> 1.3722128 | G31: {=INDIRECT("'※ 재무_세부시트'!"&G$1&$V31, TRUE)} -> 0.08837641 | H31: {=INDIRECT("'※ 재무_세부시트'!"&H$1&$V31, TRUE)} -> 0.0775189 | I31: {=INDIRECT("'※ 재무_세부시트'!"&I$1&$V31, TRUE)} -> 0.093720582 | J31: {=INDIRECT("'※ 재무_세부시트'!"&J$1&$V31, TRUE)} -> 0.089024718 | K31: {=INDIRECT("'※ 재무_세부시트'!"&K$1&$V31, TRUE)} -> 0.095507827 | L31: {=INDIRECT("'※ 재무_세부시트'!"&L$1&$V31, TRUE)} -> 0.099980718 | M31: {=INDIRECT("'※ 재무_세부시트'!"&M$1&$V31, TRUE)} -> 0.35794262 | ... R31: {=INDIRECT("'※ 재무_세부시트'!"&R$1&$V31, TRUE)} -> 0.35794262 | U31: {=INDIRECT("'※ 재무_세부시트'!"&U$1&$V31, TRUE)} -> 0.19204731 | V31: 30
D32: 매장성수수료 | E32: CS업무처리 수수료 | F32: {=INDIRECT("'※ 재무_세부시트'!"&F$1&$V32, TRUE)} -> 9.1817721 | G32: {=INDIRECT("'※ 재무_세부시트'!"&G$1&$V32, TRUE)} -> 0.58253187 | H32: {=INDIRECT("'※ 재무_세부시트'!"&H$1&$V32, TRUE)} -> 0.66603878 | I32: {=INDIRECT("'※ 재무_세부시트'!"&I$1&$V32, TRUE)} -> 0.63645968 | J32: {=INDIRECT("'※ 재무_세부시트'!"&J$1&$V32, TRUE)} -> 0.59906741 | K32: {=INDIRECT("'※ 재무_세부시트'!"&K$1&$V32, TRUE)} -> 0.69777633 | L32: {=INDIRECT("'※ 재무_세부시트'!"&L$1&$V32, TRUE)} -> 0.75951674 | M32: {=INDIRECT("'※ 재무_세부시트'!"&M$1&$V32, TRUE)} -> 2.2593368 | ... R32: {=INDIRECT("'※ 재무_세부시트'!"&R$1&$V32, TRUE)} -> 2.2593368 | U32: {=INDIRECT("'※ 재무_세부시트'!"&U$1&$V32, TRUE)} -> 1.0107661 | V32: 31 | AA32: =H79/(H13+H50) -> 0.17528381 | AB32: =I79/(I13+I50) -> 0.10039511 | AC32: =J79/(J13+J50) -> 0.11980746
D33: 프라자3.0 | E33: 플라자 인건비 지원 | F33: {=INDIRECT("'※ 재무_세부시트'!"&F$1&$V33, TRUE)} -> 81.403567 | G33: {=INDIRECT("'※ 재무_세부시트'!"&G$1&$V33, TRUE)} -> 7.937126 | H33: {=INDIRECT("'※ 재무_세부시트'!"&H$1&$V33, TRUE)} -> 7.9716096 | I33: {=INDIRECT("'※ 재무_세부시트'!"&I$1&$V33, TRUE)} -> 7.4216384 | J33: {=INDIRECT("'※ 재무_세부시트'!"&J$1&$V33, TRUE)} -> 7.6414247 | K33: {=INDIRECT("'※ 재무_세부시트'!"&K$1&$V33, TRUE)} -> 7.622857 | L33: {=INDIRECT("'※ 재무_세부시트'!"&L$1&$V33, TRUE)} -> 7.772182 | M33: {=INDIRECT("'※ 재무_세부시트'!"&M$1&$V33, TRUE)} -> 13.772729 | ... R33: {=INDIRECT("'※ 재무_세부시트'!"&R$1&$V33, TRUE)} -> 13.772729 | U33: {=INDIRECT("'※ 재무_세부시트'!"&U$1&$V33, TRUE)} -> -2.136007 | V33: 32
C34: 채널 | D34: 소매 | E34: 관리수수료(점프업 제외), 매장성 수수료 | F34: {=INDIRECT("'※ 재무_세부시트'!"&F$1&$V34, TRUE)} -> 297.96476 | G34: {=INDIRECT("'※ 재무_세부시트'!"&G$1&$V34, TRUE)} -> 24.447654 | H34: {=INDIRECT("'※ 재무_세부시트'!"&H$1&$V34, TRUE)} -> 25.343579 | I34: {=INDIRECT("'※ 재무_세부시트'!"&I$1&$V34, TRUE)} -> 25.657675 | J34: {=INDIRECT("'※ 재무_세부시트'!"&J$1&$V34, TRUE)} -> 24.383282 | K34: {=INDIRECT("'※ 재무_세부시트'!"&K$1&$V34, TRUE)} -> 24.2331 | L34: {=INDIRECT("'※ 재무_세부시트'!"&L$1&$V34, TRUE)} -> 24.855322 | M34: {=INDIRECT("'※ 재무_세부시트'!"&M$1&$V34, TRUE)} -> 47.68084 | ... R34: {=INDIRECT("'※ 재무_세부시트'!"&R$1&$V34, TRUE)} -> 47.68084 | U34: {=INDIRECT("'※ 재무_세부시트'!"&U$1&$V34, TRUE)} -> -2.1103932 | V34: 33
D35: 도매 | F35: {=INDIRECT("'※ 재무_세부시트'!"&F$1&$V35, TRUE)} -> 107.70125 | G35: {=INDIRECT("'※ 재무_세부시트'!"&G$1&$V35, TRUE)} -> 9.0666553 | H35: {=INDIRECT("'※ 재무_세부시트'!"&H$1&$V35, TRUE)} -> 9.0830929 | I35: {=INDIRECT("'※ 재무_세부시트'!"&I$1&$V35, TRUE)} -> 8.5529126 | J35: {=INDIRECT("'※ 재무_세부시트'!"&J$1&$V35, TRUE)} -> 8.0079655 | K35: {=INDIRECT("'※ 재무_세부시트'!"&K$1&$V35, TRUE)} -> 7.6013216 | L35: {=INDIRECT("'※ 재무_세부시트'!"&L$1&$V35, TRUE)} -> 11.278029 | M35: {=INDIRECT("'※ 재무_세부시트'!"&M$1&$V35, TRUE)} -> 17.163483 | ... R35: {=INDIRECT("'※ 재무_세부시트'!"&R$1&$V35, TRUE)} -> 17.163483 | U35: {=INDIRECT("'※ 재무_세부시트'!"&U$1&$V35, TRUE)} -> -0.98626573 | V35: 34
D36: 디지털 | F36: {=INDIRECT("'※ 재무_세부시트'!"&F$1&$V36, TRUE)} -> 60.125982 | G36: {=INDIRECT("'※ 재무_세부시트'!"&G$1&$V36, TRUE)} -> 5.2481266 | H36: {=INDIRECT("'※ 재무_세부시트'!"&H$1&$V36, TRUE)} -> 5.3671954 | I36: {=INDIRECT("'※ 재무_세부시트'!"&I$1&$V36, TRUE)} -> 5.1954726 | J36: {=INDIRECT("'※ 재무_세부시트'!"&J$1&$V36, TRUE)} -> 5.066248 | K36: {=INDIRECT("'※ 재무_세부시트'!"&K$1&$V36, TRUE)} -> 4.9718197 | L36: {=INDIRECT("'※ 재무_세부시트'!"&L$1&$V36, TRUE)} -> 5.0249524 | M36: {=INDIRECT("'※ 재무_세부시트'!"&M$1&$V36, TRUE)} -> 9.4725025 | ... R36: {=INDIRECT("'※ 재무_세부시트'!"&R$1&$V36, TRUE)} -> 9.4725025 | U36: {=INDIRECT("'※ 재무_세부시트'!"&U$1&$V36, TRUE)} -> -1.1428195 | V36: 35
D37: 기타 | E37: B2B, 대형마트, 지원성 관리수수료, P3.0 등 | F37: {=INDIRECT("'※ 재무_세부시트'!"&F$1&$V37, TRUE)} -> 149.85056 | G37: {=INDIRECT("'※ 재무_세부시트'!"&G$1&$V37, TRUE)} -> 11.163948 | H37: {=INDIRECT("'※ 재무_세부시트'!"&H$1&$V37, TRUE)} -> 13.17639 | I37: {=INDIRECT("'※ 재무_세부시트'!"&I$1&$V37, TRUE)} -> 9.8586543 | J37: {=INDIRECT("'※ 재무_세부시트'!"&J$1&$V37, TRUE)} -> 19.145845 | K37: {=INDIRECT("'※ 재무_세부시트'!"&K$1&$V37, TRUE)} -> 9.4178594 | L37: {=INDIRECT("'※ 재무_세부시트'!"&L$1&$V37, TRUE)} -> 18.102218 | M37: {=INDIRECT("'※ 재무_세부시트'!"&M$1&$V37, TRUE)} -> 24.525262 | ... R37: {=INDIRECT("'※ 재무_세부시트'!"&R$1&$V37, TRUE)} -> 24.525262 | U37: {=INDIRECT("'※ 재무_세부시트'!"&U$1&$V37, TRUE)} -> 0.18492327 | V37: 36
C38: 기타수수료 | F38: {=INDIRECT("'※ 재무_세부시트'!"&F$1&$V38, TRUE)} -> 466.51983 | G38: {=INDIRECT("'※ 재무_세부시트'!"&G$1&$V38, TRUE)} -> 32.779204 | H38: {=INDIRECT("'※ 재무_세부시트'!"&H$1&$V38, TRUE)} -> 38.21154 | I38: {=INDIRECT("'※ 재무_세부시트'!"&I$1&$V38, TRUE)} -> 39.763803 | J38: {=INDIRECT("'※ 재무_세부시트'!"&J$1&$V38, TRUE)} -> 39.829534 | K38: {=INDIRECT("'※ 재무_세부시트'!"&K$1&$V38, TRUE)} -> 40.952531 | L38: {=INDIRECT("'※ 재무_세부시트'!"&L$1&$V38, TRUE)} -> 41.618138 | M38: {=INDIRECT("'※ 재무_세부시트'!"&M$1&$V38, TRUE)} -> 74.926283 | ... U38: {=INDIRECT("'※ 재무_세부시트'!"&U$1&$V38, TRUE)} -> 3.9355385 | V38: 37
C39: 수수료 항목 | D39: 도매위탁 | E39: 도매 도급수수료 | F39: {=INDIRECT("'※ 재무_세부시트'!"&F$1&$V39, TRUE)} -> 316.17347 | G39: {=INDIRECT("'※ 재무_세부시트'!"&G$1&$V39, TRUE)} -> 26.927905 | H39: {=INDIRECT("'※ 재무_세부시트'!"&H$1&$V39, TRUE)} -> 27.037246 | I39: {=INDIRECT("'※ 재무_세부시트'!"&I$1&$V39, TRUE)} -> 26.95 | J39: {=INDIRECT("'※ 재무_세부시트'!"&J$1&$V39, TRUE)} -> 25 | K39: {=INDIRECT("'※ 재무_세부시트'!"&K$1&$V39, TRUE)} -> 25 | L39: {=INDIRECT("'※ 재무_세부시트'!"&L$1&$V39, TRUE)} -> 25 | M39: {=INDIRECT("'※ 재무_세부시트'!"&M$1&$V39, TRUE)} -> 50 | ... U39: {=INDIRECT("'※ 재무_세부시트'!"&U$1&$V39, TRUE)} -> -3.9651514 | V39: 38
D40: KTAC 위탁 | E40: 아이폰 AW 업무위탁 | F40: {=INDIRECT("'※ 재무_세부시트'!"&F$1&$V40, TRUE)} -> 13.60989 | G40: {=INDIRECT("'※ 재무_세부시트'!"&G$1&$V40, TRUE)} -> 1.35002 | H40: {=INDIRECT("'※ 재무_세부시트'!"&H$1&$V40, TRUE)} -> 1.32668 | I40: {=INDIRECT("'※ 재무_세부시트'!"&I$1&$V40, TRUE)} -> 1.35615 | J40: {=INDIRECT("'※ 재무_세부시트'!"&J$1&$V40, TRUE)} -> 1.26417 | K40: {=INDIRECT("'※ 재무_세부시트'!"&K$1&$V40, TRUE)} -> 1.27146 | L40: {=INDIRECT("'※ 재무_세부시트'!"&L$1&$V40, TRUE)} -> 1.11978 | M40: {=INDIRECT("'※ 재무_세부시트'!"&M$1&$V40, TRUE)} -> 0.67008 | ... U40: {=INDIRECT("'※ 재무_세부시트'!"&U$1&$V40, TRUE)} -> -2.00662 | V40: 39
D41: KT닷컴 위탁 | E41: KT SHOP 도급수수료 | F41: {=INDIRECT("'※ 재무_세부시트'!"&F$1&$V41, TRUE)} -> 77.05255 | G41: {=INDIRECT("'※ 재무_세부시트'!"&G$1&$V41, TRUE)} -> 1.7813861 | H41: {=INDIRECT("'※ 재무_세부시트'!"&H$1&$V41, TRUE)} -> 6.49188 | I41: {=INDIRECT("'※ 재무_세부시트'!"&I$1&$V41, TRUE)} -> 6.49594 | J41: {=INDIRECT("'※ 재무_세부시트'!"&J$1&$V41, TRUE)} -> 6.9941842 | K41: {=INDIRECT("'※ 재무_세부시트'!"&K$1&$V41, TRUE)} -> 6.898 | L41: {=INDIRECT("'※ 재무_세부시트'!"&L$1&$V41, TRUE)} -> 6.89902 | M41: {=INDIRECT("'※ 재무_세부시트'!"&M$1&$V41, TRUE)} -> 15.12844 | ... U41: {=INDIRECT("'※ 재무_세부시트'!"&U$1&$V41, TRUE)} -> 6.8551739 | V41: 40
D42: 디지털 바로배송/유심 | E42: 바로배송 위탁, 바로유심 용역 수수료 | F42: {=INDIRECT("'※ 재무_세부시트'!"&F$1&$V42, TRUE)} -> 26.471493 | G42: {=INDIRECT("'※ 재무_세부시트'!"&G$1&$V42, TRUE)} -> 1.7700148 | H42: {=INDIRECT("'※ 재무_세부시트'!"&H$1&$V42, TRUE)} -> 1.7853179 | I42: {=INDIRECT("'※ 재무_세부시트'!"&I$1&$V42, TRUE)} -> 1.8493655 | J42: {=INDIRECT("'※ 재무_세부시트'!"&J$1&$V42, TRUE)} -> 1.9933751 | K42: {=INDIRECT("'※ 재무_세부시트'!"&K$1&$V42, TRUE)} -> 3.1633886 | L42: {=INDIRECT("'※ 재무_세부시트'!"&L$1&$V42, TRUE)} -> 2.9196508 | M42: {=INDIRECT("'※ 재무_세부시트'!"&M$1&$V42, TRUE)} -> 5.3023012 | ... U42: {=INDIRECT("'※ 재무_세부시트'!"&U$1&$V42, TRUE)} -> 1.7469685 | V42: 41
D43: B2B 도급 수수료 | E43: KT 업무지원센터, 기업무선센터 | F43: {=INDIRECT("'※ 재무_세부시트'!"&F$1&$V43, TRUE)} -> 5.1685333 | G43: {=INDIRECT("'※ 재무_세부시트'!"&G$1&$V43, TRUE)} -> 0.3311 | H43: {=INDIRECT("'※ 재무_세부시트'!"&H$1&$V43, TRUE)} -> 0.3314 | I43: {=INDIRECT("'※ 재무_세부시트'!"&I$1&$V43, TRUE)} -> 0.42475833 | J43: {=INDIRECT("'※ 재무_세부시트'!"&J$1&$V43, TRUE)} -> 0.42475833 | K43: {=INDIRECT("'※ 재무_세부시트'!"&K$1&$V43, TRUE)} -> 0.42475833 | L43: {=INDIRECT("'※ 재무_세부시트'!"&L$1&$V43, TRUE)} -> 0.42475833 | M43: {=INDIRECT("'※ 재무_세부시트'!"&M$1&$V43, TRUE)} -> 0.9356667 | ... U43: {=INDIRECT("'※ 재무_세부시트'!"&U$1&$V43, TRUE)} -> 0.2731667 | V43: 42
D44: 기타도급 및 지원 | E44: 소상공인 인건비, 미정산건, 계상처리 등 | F44: {=INDIRECT("'※ 재무_세부시트'!"&F$1&$V44, TRUE)} -> 28.043897 | G44: {=INDIRECT("'※ 재무_세부시트'!"&G$1&$V44, TRUE)} -> 0.61877861 | H44: {=INDIRECT("'※ 재무_세부시트'!"&H$1&$V44, TRUE)} -> 1.239016 | I44: {=INDIRECT("'※ 재무_세부시트'!"&I$1&$V44, TRUE)} -> 2.6875895 | J44: {=INDIRECT("'※ 재무_세부시트'!"&J$1&$V44, TRUE)} -> 4.1530466 | K44: {=INDIRECT("'※ 재무_세부시트'!"&K$1&$V44, TRUE)} -> 4.1949239 | L44: {=INDIRECT("'※ 재무_세부시트'!"&L$1&$V44, TRUE)} -> 5.2549286 | M44: {=INDIRECT("'※ 재무_세부시트'!"&M$1&$V44, TRUE)} -> 2.8897954 | ... U44: {=INDIRECT("'※ 재무_세부시트'!"&U$1&$V44, TRUE)} -> 1.0320007 | V44: 43
B45: 유통플랫폼사업 매출 (ⓒ+ⓓ) | F45: {=INDIRECT("'※ 재무_세부시트'!"&F$1&$V45, TRUE)} -> 556.58424 | G45: {=INDIRECT("'※ 재무_세부시트'!"&G$1&$V45, TRUE)} -> 27.073064 | H45: {=INDIRECT("'※ 재무_세부시트'!"&H$1&$V45, TRUE)} -> 66.257026 | I45: {=INDIRECT("'※ 재무_세부시트'!"&I$1&$V45, TRUE)} -> 48.406045 | J45: {=INDIRECT("'※ 재무_세부시트'!"&J$1&$V45, TRUE)} -> 36.01091 | K45: {=INDIRECT("'※ 재무_세부시트'!"&K$1&$V45, TRUE)} -> 42.548449 | L45: {=INDIRECT("'※ 재무_세부시트'!"&L$1&$V45, TRUE)} -> 47.556311 | M45: {=INDIRECT("'※ 재무_세부시트'!"&M$1&$V45, TRUE)} -> 42.64324 | ... U45: {=INDIRECT("'※ 재무_세부시트'!"&U$1&$V45, TRUE)} -> -50.68685 | V45: 44
C46: 시연폰 | F46: {=INDIRECT("'※ 재무_세부시트'!"&F$1&$V46, TRUE)} -> 369.50461 | G46: {=INDIRECT("'※ 재무_세부시트'!"&G$1&$V46, TRUE)} -> 6.2247795 | H46: {=INDIRECT("'※ 재무_세부시트'!"&H$1&$V46, TRUE)} -> 41.723454 | I46: {=INDIRECT("'※ 재무_세부시트'!"&I$1&$V46, TRUE)} -> 33.803716 | J46: {=INDIRECT("'※ 재무_세부시트'!"&J$1&$V46, TRUE)} -> 17.317672 | K46: {=INDIRECT("'※ 재무_세부시트'!"&K$1&$V46, TRUE)} -> 33.886692 | L46: {=INDIRECT("'※ 재무_세부시트'!"&L$1&$V46, TRUE)} -> 36.226487 | M46: {=INDIRECT("'※ 재무_세부시트'!"&M$1&$V46, TRUE)} -> 26.881094 | ... U46: {=INDIRECT("'※ 재무_세부시트'!"&U$1&$V46, TRUE)} -> -21.067139 | V46: 45
C47: 굿바이 | F47: {=INDIRECT("'※ 재무_세부시트'!"&F$1&$V47, TRUE)} -> 99.962838 | G47: {=INDIRECT("'※ 재무_세부시트'!"&G$1&$V47, TRUE)} -> 5.1468545 | H47: {=INDIRECT("'※ 재무_세부시트'!"&H$1&$V47, TRUE)} -> 7.8131886 | I47: {=INDIRECT("'※ 재무_세부시트'!"&I$1&$V47, TRUE)} -> 4.2391668 | J47: {=INDIRECT("'※ 재무_세부시트'!"&J$1&$V47, TRUE)} -> 9.1465707 | K47: {=INDIRECT("'※ 재무_세부시트'!"&K$1&$V47, TRUE)} -> 2.3114345 | L47: {=INDIRECT("'※ 재무_세부시트'!"&L$1&$V47, TRUE)} -> 5.9345118 | M47: {=INDIRECT("'※ 재무_세부시트'!"&M$1&$V47, TRUE)} -> 9.1741863 | ... U47: {=INDIRECT("'※ 재무_세부시트'!"&U$1&$V47, TRUE)} -> -3.7858568 | V47: 46
C48: 코코넛 | F48: {=INDIRECT("'※ 재무_세부시트'!"&F$1&$V48, TRUE)} -> 66.51035 | G48: {=INDIRECT("'※ 재무_세부시트'!"&G$1&$V48, TRUE)} -> 15.047921 | H48: {=INDIRECT("'※ 재무_세부시트'!"&H$1&$V48, TRUE)} -> 15.968165 | I48: {=INDIRECT("'※ 재무_세부시트'!"&I$1&$V48, TRUE)} -> 9.4010445 | J48: {=INDIRECT("'※ 재무_세부시트'!"&J$1&$V48, TRUE)} -> 6.3480071 | K48: {=INDIRECT("'※ 재무_세부시트'!"&K$1&$V48, TRUE)} -> 5.4892406 | L48: {=INDIRECT("'※ 재무_세부시트'!"&L$1&$V48, TRUE)} -> 4.7302215 | M48: {=INDIRECT("'※ 재무_세부시트'!"&M$1&$V48, TRUE)} -> 2.8112234 | ... U48: {=INDIRECT("'※ 재무_세부시트'!"&U$1&$V48, TRUE)} -> -28.204863 | V48: 47
C49: 기타(A/S, 임대, 물류, 중고폰 전문매장 등) | F49: {=INDIRECT("'※ 재무_세부시트'!"&F$1&$V49, TRUE)} -> 20.606444 | G49: {=INDIRECT("'※ 재무_세부시트'!"&G$1&$V49, TRUE)} -> 0.65350908 | H49: {=INDIRECT("'※ 재무_세부시트'!"&H$1&$V49, TRUE)} -> 0.7522182 | I49: {=INDIRECT("'※ 재무_세부시트'!"&I$1&$V49, TRUE)} -> 0.96211818 | J49: {=INDIRECT("'※ 재무_세부시트'!"&J$1&$V49, TRUE)} -> 3.1986605 | K49: {=INDIRECT("'※ 재무_세부시트'!"&K$1&$V49, TRUE)} -> 0.86108182 | L49: {=INDIRECT("'※ 재무_세부시트'!"&L$1&$V49, TRUE)} -> 0.66509091 | M49: {=INDIRECT("'※ 재무_세부시트'!"&M$1&$V49, TRUE)} -> 3.7767364 | ... U49: {=INDIRECT("'※ 재무_세부시트'!"&U$1&$V49, TRUE)} -> 2.3710091 | V49: 48
C50: 수수료매출 ⓒ | F50: {=INDIRECT("'※ 재무_세부시트'!"&F$1&$V50, TRUE)} -> 46.425859 | G50: {=INDIRECT("'※ 재무_세부시트'!"&G$1&$V50, TRUE)} -> 4.6659154 | H50: {=INDIRECT("'※ 재무_세부시트'!"&H$1&$V50, TRUE)} -> 8.2890092 | I50: {=INDIRECT("'※ 재무_세부시트'!"&I$1&$V50, TRUE)} -> 1.4430924 | J50: {=INDIRECT("'※ 재무_세부시트'!"&J$1&$V50, TRUE)} -> 5.6274242 | K50: {=INDIRECT("'※ 재무_세부시트'!"&K$1&$V50, TRUE)} -> 1.8754224 | L50: {=INDIRECT("'※ 재무_세부시트'!"&L$1&$V50, TRUE)} -> 2.8103056 | M50: {=INDIRECT("'※ 재무_세부시트'!"&M$1&$V50, TRUE)} -> 5.0508838 | ... U50: {=INDIRECT("'※ 재무_세부시트'!"&U$1&$V50, TRUE)} -> -7.9040408 | V50: 49
D51: 정책수수료 | F51: {=INDIRECT("'※ 재무_세부시트'!"&F$1&$V51, TRUE)} -> 33.145779 | G51: {=INDIRECT("'※ 재무_세부시트'!"&G$1&$V51, TRUE)} -> 4.0313889 | H51: {=INDIRECT("'※ 재무_세부시트'!"&H$1&$V51, TRUE)} -> 7.7963337 | I51: {=INDIRECT("'※ 재무_세부시트'!"&I$1&$V51, TRUE)} -> 0.87665235 | J51: {=INDIRECT("'※ 재무_세부시트'!"&J$1&$V51, TRUE)} -> 2.3474601 | K51: {=INDIRECT("'※ 재무_세부시트'!"&K$1&$V51, TRUE)} -> 1.3750335 | L51: {=INDIRECT("'※ 재무_세부시트'!"&L$1&$V51, TRUE)} -> 2.3617353 | M51: {=INDIRECT("'※ 재무_세부시트'!"&M$1&$V51, TRUE)} -> 2.9857357 | ... U51: {=INDIRECT("'※ 재무_세부시트'!"&U$1&$V51, TRUE)} -> -8.8419869 | V51: 50
D52: 기타수수료 | F52: {=INDIRECT("'※ 재무_세부시트'!"&F$1&$V52, TRUE)} -> 13.28008 | G52: {=INDIRECT("'※ 재무_세부시트'!"&G$1&$V52, TRUE)} -> 0.6345265 | H52: {=INDIRECT("'※ 재무_세부시트'!"&H$1&$V52, TRUE)} -> 0.49267549 | I52: {=INDIRECT("'※ 재무_세부시트'!"&I$1&$V52, TRUE)} -> 0.56644009 | J52: {=INDIRECT("'※ 재무_세부시트'!"&J$1&$V52, TRUE)} -> 3.2799642 | K52: {=INDIRECT("'※ 재무_세부시트'!"&K$1&$V52, TRUE)} -> 0.50038885 | L52: {=INDIRECT("'※ 재무_세부시트'!"&L$1&$V52, TRUE)} -> 0.44857032 | M52: {=INDIRECT("'※ 재무_세부시트'!"&M$1&$V52, TRUE)} -> 2.0651481 | ... U52: {=INDIRECT("'※ 재무_세부시트'!"&U$1&$V52, TRUE)} -> 0.93794613 | V52: 51
C53: 상품매출 ⓓ | F53: {=INDIRECT("'※ 재무_세부시트'!"&F$1&$V53, TRUE)} -> 510.15838 | G53: {=INDIRECT("'※ 재무_세부시트'!"&G$1&$V53, TRUE)} -> 22.407149 | H53: {=INDIRECT("'※ 재무_세부시트'!"&H$1&$V53, TRUE)} -> 57.968017 | I53: {=INDIRECT("'※ 재무_세부시트'!"&I$1&$V53, TRUE)} -> 46.962953 | J53: {=INDIRECT("'※ 재무_세부시트'!"&J$1&$V53, TRUE)} -> 30.383486 | K53: {=INDIRECT("'※ 재무_세부시트'!"&K$1&$V53, TRUE)} -> 40.673026 | L53: {=INDIRECT("'※ 재무_세부시트'!"&L$1&$V53, TRUE)} -> 44.746006 | M53: {=INDIRECT("'※ 재무_세부시트'!"&M$1&$V53, TRUE)} -> 37.592357 | ... U53: {=INDIRECT("'※ 재무_세부시트'!"&U$1&$V53, TRUE)} -> -42.78281 | V53: 52
A55: 판매비와 일반관리비 | F55: {=INDIRECT("'※ 재무_세부시트'!"&F$1&$V55, TRUE)} -> 2358.4382 | G55: {=INDIRECT("'※ 재무_세부시트'!"&G$1&$V55, TRUE)} -> 175.85236 | H55: {=INDIRECT("'※ 재무_세부시트'!"&H$1&$V55, TRUE)} -> 166.07553 | I55: {=INDIRECT("'※ 재무_세부시트'!"&I$1&$V55, TRUE)} -> 163.88899 | J55: {=INDIRECT("'※ 재무_세부시트'!"&J$1&$V55, TRUE)} -> 168.1989 | K55: {=INDIRECT("'※ 재무_세부시트'!"&K$1&$V55, TRUE)} -> 175.42496 | L55: {=INDIRECT("'※ 재무_세부시트'!"&L$1&$V55, TRUE)} -> 195.1481 | M55: {=INDIRECT("'※ 재무_세부시트'!"&M$1&$V55, TRUE)} -> 353.40156 | ... U55: {=INDIRECT("'※ 재무_세부시트'!"&U$1&$V55, TRUE)} -> 11.473672 | V55: 54
C56: 인건비 | F56: {=INDIRECT("'※ 재무_세부시트'!"&F$1&$V56, TRUE)} -> 1407.8441 | G56: {=INDIRECT("'※ 재무_세부시트'!"&G$1&$V56, TRUE)} -> 103.7119 | H56: {=INDIRECT("'※ 재무_세부시트'!"&H$1&$V56, TRUE)} -> 101.80097 | I56: {=INDIRECT("'※ 재무_세부시트'!"&I$1&$V56, TRUE)} -> 114.76275 | J56: {=INDIRECT("'※ 재무_세부시트'!"&J$1&$V56, TRUE)} -> 109.92785 | K56: {=INDIRECT("'※ 재무_세부시트'!"&K$1&$V56, TRUE)} -> 108.1564 | L56: {=INDIRECT("'※ 재무_세부시트'!"&L$1&$V56, TRUE)} -> 122.7448 | M56: {=INDIRECT("'※ 재무_세부시트'!"&M$1&$V56, TRUE)} -> 212.26178 | ... U56: {=INDIRECT("'※ 재무_세부시트'!"&U$1&$V56, TRUE)} -> 6.748909 | V56: 55
D57: 임직원 급여 | F57: {=INDIRECT("'※ 재무_세부시트'!"&F$1&$V57, TRUE)} -> 958.44902 | G57: {=INDIRECT("'※ 재무_세부시트'!"&G$1&$V57, TRUE)} -> 73.920034 | H57: {=INDIRECT("'※ 재무_세부시트'!"&H$1&$V57, TRUE)} -> 75.645477 | I57: {=INDIRECT("'※ 재무_세부시트'!"&I$1&$V57, TRUE)} -> 79.300362 | J57: {=INDIRECT("'※ 재무_세부시트'!"&J$1&$V57, TRUE)} -> 76.33912 | K57: {=INDIRECT("'※ 재무_세부시트'!"&K$1&$V57, TRUE)} -> 75.272432 | L57: {=INDIRECT("'※ 재무_세부시트'!"&L$1&$V57, TRUE)} -> 74.957407 | M57: {=INDIRECT("'※ 재무_세부시트'!"&M$1&$V57, TRUE)} -> 153.30209 | ... U57: {=INDIRECT("'※ 재무_세부시트'!"&U$1&$V57, TRUE)} -> 3.7365793 | V57: 56
D58: 포상비 | F58: {=INDIRECT("'※ 재무_세부시트'!"&F$1&$V58, TRUE)} -> 6.9944121 | G58: {=INDIRECT("'※ 재무_세부시트'!"&G$1&$V58, TRUE)} -> 1.1560305 | H58: {=INDIRECT("'※ 재무_세부시트'!"&H$1&$V58, TRUE)} -> 0.11543053 | I58: {=INDIRECT("'※ 재무_세부시트'!"&I$1&$V58, TRUE)} -> 0.09743053 | J58: {=INDIRECT("'※ 재무_세부시트'!"&J$1&$V58, TRUE)} -> 0.30543053 | K58: {=INDIRECT("'※ 재무_세부시트'!"&K$1&$V58, TRUE)} -> 0.08643053 | L58: {=INDIRECT("'※ 재무_세부시트'!"&L$1&$V58, TRUE)} -> 0.21243053 | M58: {=INDIRECT("'※ 재무_세부시트'!"&M$1&$V58, TRUE)} -> 0.25300088 | ... U58: {=INDIRECT("'※ 재무_세부시트'!"&U$1&$V58, TRUE)} -> -1.0184602 | V58: 57
D59: 퇴직급여충당금 | F59: {=INDIRECT("'※ 재무_세부시트'!"&F$1&$V59, TRUE)} -> 102.63998 | G59: {=INDIRECT("'※ 재무_세부시트'!"&G$1&$V59, TRUE)} -> 7.4362771 | H59: {=INDIRECT("'※ 재무_세부시트'!"&H$1&$V59, TRUE)} -> 7.4362771 | I59: {=INDIRECT("'※ 재무_세부시트'!"&I$1&$V59, TRUE)} -> 7.4362771 | J59: {=INDIRECT("'※ 재무_세부시트'!"&J$1&$V59, TRUE)} -> 7.4362771 | K59: {=INDIRECT("'※ 재무_세부시트'!"&K$1&$V59, TRUE)} -> 7.4362771 | L59: {=INDIRECT("'※ 재무_세부시트'!"&L$1&$V59, TRUE)} -> 7.4362771 | M59: {=INDIRECT("'※ 재무_세부시트'!"&M$1&$V59, TRUE)} -> 14.213262 | ... U59: {=INDIRECT("'※ 재무_세부시트'!"&U$1&$V59, TRUE)} -> -0.65929186 | V59: 58
D60: 복리후생비 | F60: {=INDIRECT("'※ 재무_세부시트'!"&F$1&$V60, TRUE)} -> 339.76063 | G60: {=INDIRECT("'※ 재무_세부시트'!"&G$1&$V60, TRUE)} -> 21.199558 | H60: {=INDIRECT("'※ 재무_세부시트'!"&H$1&$V60, TRUE)} -> 18.603786 | I60: {=INDIRECT("'※ 재무_세부시트'!"&I$1&$V60, TRUE)} -> 27.928682 | J60: {=INDIRECT("'※ 재무_세부시트'!"&J$1&$V60, TRUE)} -> 25.847024 | K60: {=INDIRECT("'※ 재무_세부시트'!"&K$1&$V60, TRUE)} -> 25.361255 | L60: {=INDIRECT("'※ 재무_세부시트'!"&L$1&$V60, TRUE)} -> 40.138688 | M60: {=INDIRECT("'※ 재무_세부시트'!"&M$1&$V60, TRUE)} -> 44.493426 | ... U60: {=INDIRECT("'※ 재무_세부시트'!"&U$1&$V60, TRUE)} -> 4.6900817 | V60: 59
D61: └ (복리포인트) | F61: {=INDIRECT("'※ 재무_세부시트'!"&F$1&$V61, TRUE)} -> 166.13258 | G61: {=INDIRECT("'※ 재무_세부시트'!"&G$1&$V61, TRUE)} -> 9.6499583 | H61: {=INDIRECT("'※ 재무_세부시트'!"&H$1&$V61, TRUE)} -> 6.3796056 | I61: {=INDIRECT("'※ 재무_세부시트'!"&I$1&$V61, TRUE)} -> 15.641191 | J61: {=INDIRECT("'※ 재무_세부시트'!"&J$1&$V61, TRUE)} -> 12.396531 | K61: {=INDIRECT("'※ 재무_세부시트'!"&K$1&$V61, TRUE)} -> 13.046445 | L61: {=INDIRECT("'※ 재무_세부시트'!"&L$1&$V61, TRUE)} -> 16.806992 | M61: {=INDIRECT("'※ 재무_세부시트'!"&M$1&$V61, TRUE)} -> 21.262108 | ... U61: {=INDIRECT("'※ 재무_세부시트'!"&U$1&$V61, TRUE)} -> 5.2325442 | V61: 60
C62: 마케팅비 | F62: {=INDIRECT("'※ 재무_세부시트'!"&F$1&$V62, TRUE)} -> 448.3293 | G62: {=INDIRECT("'※ 재무_세부시트'!"&G$1&$V62, TRUE)} -> 34.653542 | H62: {=INDIRECT("'※ 재무_세부시트'!"&H$1&$V62, TRUE)} -> 23.679221 | I62: {=INDIRECT("'※ 재무_세부시트'!"&I$1&$V62, TRUE)} -> 16.000664 | J62: {=INDIRECT("'※ 재무_세부시트'!"&J$1&$V62, TRUE)} -> 19.542286 | K62: {=INDIRECT("'※ 재무_세부시트'!"&K$1&$V62, TRUE)} -> 28.596062 | L62: {=INDIRECT("'※ 재무_세부시트'!"&L$1&$V62, TRUE)} -> 34.749232 | M62: {=INDIRECT("'※ 재무_세부시트'!"&M$1&$V62, TRUE)} -> 62.036018 | ... U62: {=INDIRECT("'※ 재무_세부시트'!"&U$1&$V62, TRUE)} -> 3.7032546 | V62: 61
D63: 판매수수료 | F63: {=INDIRECT("'※ 재무_세부시트'!"&F$1&$V63, TRUE)} -> 154.27886 | G63: {=INDIRECT("'※ 재무_세부시트'!"&G$1&$V63, TRUE)} -> 6.0935523 | H63: {=INDIRECT("'※ 재무_세부시트'!"&H$1&$V63, TRUE)} -> 10.304066 | I63: {=INDIRECT("'※ 재무_세부시트'!"&I$1&$V63, TRUE)} -> 9.0780226 | J63: {=INDIRECT("'※ 재무_세부시트'!"&J$1&$V63, TRUE)} -> 7.6568158 | K63: {=INDIRECT("'※ 재무_세부시트'!"&K$1&$V63, TRUE)} -> 15.846036 | L63: {=INDIRECT("'※ 재무_세부시트'!"&L$1&$V63, TRUE)} -> 15.878933 | M63: {=INDIRECT("'※ 재무_세부시트'!"&M$1&$V63, TRUE)} -> 11.418358 | ... U63: {=INDIRECT("'※ 재무_세부시트'!"&U$1&$V63, TRUE)} -> -4.9792602 | V63: 62
D64: 판매촉진비 | F64: {=INDIRECT("'※ 재무_세부시트'!"&F$1&$V64, TRUE)} -> 287.83225 | G64: {=INDIRECT("'※ 재무_세부시트'!"&G$1&$V64, TRUE)} -> 28.2784 | H64: {=INDIRECT("'※ 재무_세부시트'!"&H$1&$V64, TRUE)} -> 12.975017 | I64: {=INDIRECT("'※ 재무_세부시트'!"&I$1&$V64, TRUE)} -> 6.7345115 | J64: {=INDIRECT("'※ 재무_세부시트'!"&J$1&$V64, TRUE)} -> 11.50281 | K64: {=INDIRECT("'※ 재무_세부시트'!"&K$1&$V64, TRUE)} -> 12.477606 | L64: {=INDIRECT("'※ 재무_세부시트'!"&L$1&$V64, TRUE)} -> 18.479929 | M64: {=INDIRECT("'※ 재무_세부시트'!"&M$1&$V64, TRUE)} -> 49.753459 | ... U64: {=INDIRECT("'※ 재무_세부시트'!"&U$1&$V64, TRUE)} -> 8.500042 | V64: 63
D65: 광고선전비 | F65: {=INDIRECT("'※ 재무_세부시트'!"&F$1&$V65, TRUE)} -> 6.2181874 | G65: {=INDIRECT("'※ 재무_세부시트'!"&G$1&$V65, TRUE)} -> 0.28159 | H65: {=INDIRECT("'※ 재무_세부시트'!"&H$1&$V65, TRUE)} -> 0.40013727 | I65: {=INDIRECT("'※ 재무_세부시트'!"&I$1&$V65, TRUE)} -> 0.18813 | J65: {=INDIRECT("'※ 재무_세부시트'!"&J$1&$V65, TRUE)} -> 0.38266 | K65: {=INDIRECT("'※ 재무_세부시트'!"&K$1&$V65, TRUE)} -> 0.27242 | L65: {=INDIRECT("'※ 재무_세부시트'!"&L$1&$V65, TRUE)} -> 0.39037 | M65: {=INDIRECT("'※ 재무_세부시트'!"&M$1&$V65, TRUE)} -> 0.8642 | ... U65: {=INDIRECT("'※ 재무_세부시트'!"&U$1&$V65, TRUE)} -> 0.18247273 | V65: 64
C66: 임차관리비 | F66: {=INDIRECT("'※ 재무_세부시트'!"&F$1&$V66, TRUE)} -> 53.151514 | G66: {=INDIRECT("'※ 재무_세부시트'!"&G$1&$V66, TRUE)} -> 9.7151188 | H66: {=INDIRECT("'※ 재무_세부시트'!"&H$1&$V66, TRUE)} -> 9.6380251 | I66: {=INDIRECT("'※ 재무_세부시트'!"&I$1&$V66, TRUE)} -> -5.9214587 | J66: {=INDIRECT("'※ 재무_세부시트'!"&J$1&$V66, TRUE)} -> 9.2180414 | K66: {=INDIRECT("'※ 재무_세부시트'!"&K$1&$V66, TRUE)} -> 9.1481608 | L66: {=INDIRECT("'※ 재무_세부시트'!"&L$1&$V66, TRUE)} -> -6.5223599 | M66: {=INDIRECT("'※ 재무_세부시트'!"&M$1&$V66, TRUE)} -> 20.785355 | ... U66: {=INDIRECT("'※ 재무_세부시트'!"&U$1&$V66, TRUE)} -> 1.4322114 | V66: 65
D67: 지급임차료 | F67: {=INDIRECT("'※ 재무_세부시트'!"&F$1&$V67, TRUE)} -> 44.885398 | G67: {=INDIRECT("'※ 재무_세부시트'!"&G$1&$V67, TRUE)} -> 8.8945883 | H67: {=INDIRECT("'※ 재무_세부시트'!"&H$1&$V67, TRUE)} -> 8.7579191 | I67: {=INDIRECT("'※ 재무_세부시트'!"&I$1&$V67, TRUE)} -> -6.7442279 | J67: {=INDIRECT("'※ 재무_세부시트'!"&J$1&$V67, TRUE)} -> 8.6368534 | K67: {=INDIRECT("'※ 재무_세부시트'!"&K$1&$V67, TRUE)} -> 8.6179002 | L67: {=INDIRECT("'※ 재무_세부시트'!"&L$1&$V67, TRUE)} -> -7.0925131 | M67: {=INDIRECT("'※ 재무_세부시트'!"&M$1&$V67, TRUE)} -> 19.214447 | ... U67: {=INDIRECT("'※ 재무_세부시트'!"&U$1&$V67, TRUE)} -> 1.5619393 | V67: 66
D68: 수도광열비 | F68: {=INDIRECT("'※ 재무_세부시트'!"&F$1&$V68, TRUE)} -> 8.2661158 | G68: {=INDIRECT("'※ 재무_세부시트'!"&G$1&$V68, TRUE)} -> 0.82053048 | H68: {=INDIRECT("'※ 재무_세부시트'!"&H$1&$V68, TRUE)} -> 0.88010606 | I68: {=INDIRECT("'※ 재무_세부시트'!"&I$1&$V68, TRUE)} -> 0.82276914 | J68: {=INDIRECT("'※ 재무_세부시트'!"&J$1&$V68, TRUE)} -> 0.58118793 | K68: {=INDIRECT("'※ 재무_세부시트'!"&K$1&$V68, TRUE)} -> 0.53026055 | L68: {=INDIRECT("'※ 재무_세부시트'!"&L$1&$V68, TRUE)} -> 0.57015319 | M68: {=INDIRECT("'※ 재무_세부시트'!"&M$1&$V68, TRUE)} -> 1.5709086 | ... U68: {=INDIRECT("'※ 재무_세부시트'!"&U$1&$V68, TRUE)} -> -0.12972792 | V68: 67
C69: 감가상각비 | F69: {=INDIRECT("'※ 재무_세부시트'!"&F$1&$V69, TRUE)} -> 63.881613 | G69: {=INDIRECT("'※ 재무_세부시트'!"&G$1&$V69, TRUE)} -> 0.6542659 | H69: {=INDIRECT("'※ 재무_세부시트'!"&H$1&$V69, TRUE)} -> 0.6542659 | I69: {=INDIRECT("'※ 재무_세부시트'!"&I$1&$V69, TRUE)} -> 14.606177 | J69: {=INDIRECT("'※ 재무_세부시트'!"&J$1&$V69, TRUE)} -> 0.64824418 | K69: {=INDIRECT("'※ 재무_세부시트'!"&K$1&$V69, TRUE)} -> 0.64533783 | L69: {=INDIRECT("'※ 재무_세부시트'!"&L$1&$V69, TRUE)} -> 14.500262 | M69: {=INDIRECT("'※ 재무_세부시트'!"&M$1&$V69, TRUE)} -> 0.6962616 | ... U69: {=INDIRECT("'※ 재무_세부시트'!"&U$1&$V69, TRUE)} -> -0.6122702 | V69: 68
C70: 기타운영비 | F70: {=INDIRECT("'※ 재무_세부시트'!"&F$1&$V70, TRUE)} -> 385.23169 | G70: {=INDIRECT("'※ 재무_세부시트'!"&G$1&$V70, TRUE)} -> 27.11753 | H70: {=INDIRECT("'※ 재무_세부시트'!"&H$1&$V70, TRUE)} -> 30.303053 | I70: {=INDIRECT("'※ 재무_세부시트'!"&I$1&$V70, TRUE)} -> 24.44086 | J70: {=INDIRECT("'※ 재무_세부시트'!"&J$1&$V70, TRUE)} -> 28.862477 | K70: {=INDIRECT("'※ 재무_세부시트'!"&K$1&$V70, TRUE)} -> 28.879 | L70: {=INDIRECT("'※ 재무_세부시트'!"&L$1&$V70, TRUE)} -> 29.676163 | M70: {=INDIRECT("'※ 재무_세부시트'!"&M$1&$V70, TRUE)} -> 57.62215 | ... U70: {=INDIRECT("'※ 재무_세부시트'!"&U$1&$V70, TRUE)} -> 0.20156756 | V70: 69
D71: 지급수수료 | E71: IT유지보수대행, 서비스이용료, 전문가자문료 등 | F71: {=INDIRECT("'※ 재무_세부시트'!"&F$1&$V71, TRUE)} -> 209.77909 | G71: {=INDIRECT("'※ 재무_세부시트'!"&G$1&$V71, TRUE)} -> 14.259335 | H71: {=INDIRECT("'※ 재무_세부시트'!"&H$1&$V71, TRUE)} -> 16.113742 | I71: {=INDIRECT("'※ 재무_세부시트'!"&I$1&$V71, TRUE)} -> 13.015234 | J71: {=INDIRECT("'※ 재무_세부시트'!"&J$1&$V71, TRUE)} -> 16.231489 | K71: {=INDIRECT("'※ 재무_세부시트'!"&K$1&$V71, TRUE)} -> 15.242259 | L71: {=INDIRECT("'※ 재무_세부시트'!"&L$1&$V71, TRUE)} -> 16.640125 | M71: {=INDIRECT("'※ 재무_세부시트'!"&M$1&$V71, TRUE)} -> 26.818952 | ... U71: {=INDIRECT("'※ 재무_세부시트'!"&U$1&$V71, TRUE)} -> -3.554125 | V71: 70
D72: 회의비 | F72: {=INDIRECT("'※ 재무_세부시트'!"&F$1&$V72, TRUE)} -> 62.531448 | G72: {=INDIRECT("'※ 재무_세부시트'!"&G$1&$V72, TRUE)} -> 4.3623994 | H72: {=INDIRECT("'※ 재무_세부시트'!"&H$1&$V72, TRUE)} -> 4.3079149 | I72: {=INDIRECT("'※ 재무_세부시트'!"&I$1&$V72, TRUE)} -> 4.2781094 | J72: {=INDIRECT("'※ 재무_세부시트'!"&J$1&$V72, TRUE)} -> 4.9214913 | K72: {=INDIRECT("'※ 재무_세부시트'!"&K$1&$V72, TRUE)} -> 4.272993 | L72: {=INDIRECT("'※ 재무_세부시트'!"&L$1&$V72, TRUE)} -> 4.7569623 | M72: {=INDIRECT("'※ 재무_세부시트'!"&M$1&$V72, TRUE)} -> 8.6097096 | ... U72: {=INDIRECT("'※ 재무_세부시트'!"&U$1&$V72, TRUE)} -> -0.06060465 | V72: 71
D73: 운반비 | F73: {=INDIRECT("'※ 재무_세부시트'!"&F$1&$V73, TRUE)} -> 47.312441 | G73: {=INDIRECT("'※ 재무_세부시트'!"&G$1&$V73, TRUE)} -> 2.9436073 | H73: {=INDIRECT("'※ 재무_세부시트'!"&H$1&$V73, TRUE)} -> 5.7717227 | I73: {=INDIRECT("'※ 재무_세부시트'!"&I$1&$V73, TRUE)} -> 2.428642 | J73: {=INDIRECT("'※ 재무_세부시트'!"&J$1&$V73, TRUE)} -> 3.2458544 | K73: {=INDIRECT("'※ 재무_세부시트'!"&K$1&$V73, TRUE)} -> 3.926159 | L73: {=INDIRECT("'※ 재무_세부시트'!"&L$1&$V73, TRUE)} -> 3.2319974 | M73: {=INDIRECT("'※ 재무_세부시트'!"&M$1&$V73, TRUE)} -> 10.739909 | ... U73: {=INDIRECT("'※ 재무_세부시트'!"&U$1&$V73, TRUE)} -> 2.0245793 | V73: 72
D74: 교육훈련비 | F74: {=INDIRECT("'※ 재무_세부시트'!"&F$1&$V74, TRUE)} -> 8.6330343 | G74: {=INDIRECT("'※ 재무_세부시트'!"&G$1&$V74, TRUE)} -> 0.30978331 | H74: {=INDIRECT("'※ 재무_세부시트'!"&H$1&$V74, TRUE)} -> 0.14051783 | I74: {=INDIRECT("'※ 재무_세부시트'!"&I$1&$V74, TRUE)} -> 0.23843495 | J74: {=INDIRECT("'※ 재무_세부시트'!"&J$1&$V74, TRUE)} -> 0.27213749 | K74: {=INDIRECT("'※ 재무_세부시트'!"&K$1&$V74, TRUE)} -> 0.83954356 | L74: {=INDIRECT("'※ 재무_세부시트'!"&L$1&$V74, TRUE)} -> 0.28030896 | M74: {=INDIRECT("'※ 재무_세부시트'!"&M$1&$V74, TRUE)} -> 0.9808565 | ... U74: {=INDIRECT("'※ 재무_세부시트'!"&U$1&$V74, TRUE)} -> 0.53055536 | V74: 73
D75: 통신비 | F75: {=INDIRECT("'※ 재무_세부시트'!"&F$1&$V75, TRUE)} -> 9.4528741 | G75: {=INDIRECT("'※ 재무_세부시트'!"&G$1&$V75, TRUE)} -> 0.74973583 | H75: {=INDIRECT("'※ 재무_세부시트'!"&H$1&$V75, TRUE)} -> 0.76536135 | I75: {=INDIRECT("'※ 재무_세부시트'!"&I$1&$V75, TRUE)} -> 0.73643846 | J75: {=INDIRECT("'※ 재무_세부시트'!"&J$1&$V75, TRUE)} -> 0.73597349 | K75: {=INDIRECT("'※ 재무_세부시트'!"&K$1&$V75, TRUE)} -> 0.74715329 | L75: {=INDIRECT("'※ 재무_세부시트'!"&L$1&$V75, TRUE)} -> 0.78955468 | M75: {=INDIRECT("'※ 재무_세부시트'!"&M$1&$V75, TRUE)} -> 1.6623221 | ... U75: {=INDIRECT("'※ 재무_세부시트'!"&U$1&$V75, TRUE)} -> 0.14722493 | V75: 74
D76: 차량유지비 | F76: {=INDIRECT("'※ 재무_세부시트'!"&F$1&$V76, TRUE)} -> 12.877631 | G76: {=INDIRECT("'※ 재무_세부시트'!"&G$1&$V76, TRUE)} -> 1.0541665 | H76: {=INDIRECT("'※ 재무_세부시트'!"&H$1&$V76, TRUE)} -> 1.1232548 | I76: {=INDIRECT("'※ 재무_세부시트'!"&I$1&$V76, TRUE)} -> 1.0805552 | J76: {=INDIRECT("'※ 재무_세부시트'!"&J$1&$V76, TRUE)} -> 1.019034 | K76: {=INDIRECT("'※ 재무_세부시트'!"&K$1&$V76, TRUE)} -> 1.0140567 | L76: {=INDIRECT("'※ 재무_세부시트'!"&L$1&$V76, TRUE)} -> 0.99325541 | M76: {=INDIRECT("'※ 재무_세부시트'!"&M$1&$V76, TRUE)} -> 2.1860529 | ... U76: {=INDIRECT("'※ 재무_세부시트'!"&U$1&$V76, TRUE)} -> 0.00863163 | V76: 75
D77: 기타비용 | E77: 보험료, 접대비, 여비교통비, 세금과공과 등 | F77: {=INDIRECT("'※ 재무_세부시트'!"&F$1&$V77, TRUE)} -> 34.645168 | G77: {=INDIRECT("'※ 재무_세부시트'!"&G$1&$V77, TRUE)} -> 3.4385026 | H77: {=INDIRECT("'※ 재무_세부시트'!"&H$1&$V77, TRUE)} -> 2.0805388 | I77: {=INDIRECT("'※ 재무_세부시트'!"&I$1&$V77, TRUE)} -> 2.6634456 | J77: {=INDIRECT("'※ 재무_세부시트'!"&J$1&$V77, TRUE)} -> 2.4364969 | K77: {=INDIRECT("'※ 재무_세부시트'!"&K$1&$V77, TRUE)} -> 2.8368363 | L77: {=INDIRECT("'※ 재무_세부시트'!"&L$1&$V77, TRUE)} -> 2.9839588 | M77: {=INDIRECT("'※ 재무_세부시트'!"&M$1&$V77, TRUE)} -> 6.6243475 | ... U77: {=INDIRECT("'※ 재무_세부시트'!"&U$1&$V77, TRUE)} -> 1.1053061 | V77: 76
A79: 영업이익 | F79: {=INDIRECT("'※ 재무_세부시트'!"&F$1&$V79, TRUE)} -> 163.43133 | G79: {=INDIRECT("'※ 재무_세부시트'!"&G$1&$V79, TRUE)} -> -3.9623293 | H79: {=INDIRECT("'※ 재무_세부시트'!"&H$1&$V79, TRUE)} -> 46.642254 | I79: {=INDIRECT("'※ 재무_세부시트'!"&I$1&$V79, TRUE)} -> 20.152693 | J79: {=INDIRECT("'※ 재무_세부시트'!"&J$1&$V79, TRUE)} -> 24.687534 | K79: {=INDIRECT("'※ 재무_세부시트'!"&K$1&$V79, TRUE)} -> 34.214966 | L79: {=INDIRECT("'※ 재무_세부시트'!"&L$1&$V79, TRUE)} -> 25.011958 | M79: {=INDIRECT("'※ 재무_세부시트'!"&M$1&$V79, TRUE)} -> 34.886955 | ... U79: {=INDIRECT("'※ 재무_세부시트'!"&U$1&$V79, TRUE)} -> -7.792969 | V79: 78
B80: 소매 | F80: {=INDIRECT("'※ 재무_세부시트'!"&F$1&$V80, TRUE)} -> 49.526348 | G80: {=INDIRECT("'※ 재무_세부시트'!"&G$1&$V80, TRUE)} -> -18.295067 | H80: {=INDIRECT("'※ 재무_세부시트'!"&H$1&$V80, TRUE)} -> 34.361785 | I80: {=INDIRECT("'※ 재무_세부시트'!"&I$1&$V80, TRUE)} -> 11.391866 | J80: {=INDIRECT("'※ 재무_세부시트'!"&J$1&$V80, TRUE)} -> 16.529727 | K80: {=INDIRECT("'※ 재무_세부시트'!"&K$1&$V80, TRUE)} -> 36.827466 | L80: {=INDIRECT("'※ 재무_세부시트'!"&L$1&$V80, TRUE)} -> -2.2899242 | M80: {=INDIRECT("'※ 재무_세부시트'!"&M$1&$V80, TRUE)} -> 0.609687 | ... R80: {=INDIRECT("'※ 재무_세부시트'!"&R$1&$V80, TRUE)} -> 0.609687 | U80: {=INDIRECT("'※ 재무_세부시트'!"&U$1&$V80, TRUE)} -> -15.457031 | V80: 79
B81: 도매 | F81: {=INDIRECT("'※ 재무_세부시트'!"&F$1&$V81, TRUE)} -> 29.168868 | G81: {=INDIRECT("'※ 재무_세부시트'!"&G$1&$V81, TRUE)} -> 10.406786 | H81: {=INDIRECT("'※ 재무_세부시트'!"&H$1&$V81, TRUE)} -> -1.2838893 | I81: {=INDIRECT("'※ 재무_세부시트'!"&I$1&$V81, TRUE)} -> 5.7066023 | J81: {=INDIRECT("'※ 재무_세부시트'!"&J$1&$V81, TRUE)} -> 5.5789361 | K81: {=INDIRECT("'※ 재무_세부시트'!"&K$1&$V81, TRUE)} -> 0.040036404 | L81: {=INDIRECT("'※ 재무_세부시트'!"&L$1&$V81, TRUE)} -> 11.117806 | M81: {=INDIRECT("'※ 재무_세부시트'!"&M$1&$V81, TRUE)} -> 10.034697 | ... R81: {=INDIRECT("'※ 재무_세부시트'!"&R$1&$V81, TRUE)} -> 10.034697 | U81: {=INDIRECT("'※ 재무_세부시트'!"&U$1&$V81, TRUE)} -> 0.91180025 | V81: 80
B82: 디지털 | F82: {=INDIRECT("'※ 재무_세부시트'!"&F$1&$V82, TRUE)} -> 67.527457 | G82: {=INDIRECT("'※ 재무_세부시트'!"&G$1&$V82, TRUE)} -> 5.1919827 | H82: {=INDIRECT("'※ 재무_세부시트'!"&H$1&$V82, TRUE)} -> -1.3236918 | I82: {=INDIRECT("'※ 재무_세부시트'!"&I$1&$V82, TRUE)} -> 1.5846612 | J82: {=INDIRECT("'※ 재무_세부시트'!"&J$1&$V82, TRUE)} -> 1.8888801 | K82: {=INDIRECT("'※ 재무_세부시트'!"&K$1&$V82, TRUE)} -> 0.22504438 | L82: {=INDIRECT("'※ 재무_세부시트'!"&L$1&$V82, TRUE)} -> 6.2201614 | M82: {=INDIRECT("'※ 재무_세부시트'!"&M$1&$V82, TRUE)} -> 20.363391 | ... R82: {=INDIRECT("'※ 재무_세부시트'!"&R$1&$V82, TRUE)} -> 20.363391 | U82: {=INDIRECT("'※ 재무_세부시트'!"&U$1&$V82, TRUE)} -> 16.4951 | V82: 81
B83: 소상공인 | F83: {=INDIRECT("'※ 재무_세부시트'!"&F$1&$V83, TRUE)} -> -48.095126 | G83: {=INDIRECT("'※ 재무_세부시트'!"&G$1&$V83, TRUE)} -> -4.1804479 | H83: {=INDIRECT("'※ 재무_세부시트'!"&H$1&$V83, TRUE)} -> -1.6603435 | I83: {=INDIRECT("'※ 재무_세부시트'!"&I$1&$V83, TRUE)} -> -3.0069197 | J83: {=INDIRECT("'※ 재무_세부시트'!"&J$1&$V83, TRUE)} -> -5.7874243 | K83: {=INDIRECT("'※ 재무_세부시트'!"&K$1&$V83, TRUE)} -> -5.7833197 | L83: {=INDIRECT("'※ 재무_세부시트'!"&L$1&$V83, TRUE)} -> -2.630974 | M83: {=INDIRECT("'※ 재무_세부시트'!"&M$1&$V83, TRUE)} -> -2.1272988 | ... R83: {=INDIRECT("'※ 재무_세부시트'!"&R$1&$V83, TRUE)} -> -2.1272988 | U83: {=INDIRECT("'※ 재무_세부시트'!"&U$1&$V83, TRUE)} -> 3.7134926 | V83: 82
B84: 법인영업 | F84: {=INDIRECT("'※ 재무_세부시트'!"&F$1&$V84, TRUE)} -> 4.7332782 | G84: {=INDIRECT("'※ 재무_세부시트'!"&G$1&$V84, TRUE)} -> 0.17031231 | H84: {=INDIRECT("'※ 재무_세부시트'!"&H$1&$V84, TRUE)} -> 2.185862 | I84: {=INDIRECT("'※ 재무_세부시트'!"&I$1&$V84, TRUE)} -> 3.212706 | J84: {=INDIRECT("'※ 재무_세부시트'!"&J$1&$V84, TRUE)} -> 0.54020239 | K84: {=INDIRECT("'※ 재무_세부시트'!"&K$1&$V84, TRUE)} -> 1.228231 | L84: {=INDIRECT("'※ 재무_세부시트'!"&L$1&$V84, TRUE)} -> 4.4776778 | M84: {=INDIRECT("'※ 재무_세부시트'!"&M$1&$V84, TRUE)} -> 0.39487653 | ... R84: {=INDIRECT("'※ 재무_세부시트'!"&R$1&$V84, TRUE)} -> 0.39487653 | U84: {=INDIRECT("'※ 재무_세부시트'!"&U$1&$V84, TRUE)} -> -1.9612978 | V84: 83
B85: (Biz) | F85: {=INDIRECT("'※ 재무_세부시트'!"&F$1&$V85, TRUE)} -> 0 | M85: {=INDIRECT("'※ 재무_세부시트'!"&M$1&$V85, TRUE)} -> 0 | V85: 84
B86: (법인유통영업) | F86: {=INDIRECT("'※ 재무_세부시트'!"&F$1&$V86, TRUE)} -> 0 | M86: {=INDIRECT("'※ 재무_세부시트'!"&M$1&$V86, TRUE)} -> 0 | V86: 85
B87: 기업영업 | F87: {=INDIRECT("'※ 재무_세부시트'!"&F$1&$V87, TRUE)} -> 10.060024 | G87: {=INDIRECT("'※ 재무_세부시트'!"&G$1&$V87, TRUE)} -> 1.6118927 | H87: {=INDIRECT("'※ 재무_세부시트'!"&H$1&$V87, TRUE)} -> 0.52615387 | I87: {=INDIRECT("'※ 재무_세부시트'!"&I$1&$V87, TRUE)} -> 1.2262211 | J87: {=INDIRECT("'※ 재무_세부시트'!"&J$1&$V87, TRUE)} -> 1.3594008 | K87: {=INDIRECT("'※ 재무_세부시트'!"&K$1&$V87, TRUE)} -> 0.42258055 | L87: {=INDIRECT("'※ 재무_세부시트'!"&L$1&$V87, TRUE)} -> 2.1567024 | M87: {=INDIRECT("'※ 재무_세부시트'!"&M$1&$V87, TRUE)} -> 2.4968516 | ... R87: {=INDIRECT("'※ 재무_세부시트'!"&R$1&$V87, TRUE)} -> 2.4968516 | U87: {=INDIRECT("'※ 재무_세부시트'!"&U$1&$V87, TRUE)} -> 0.35880503 | V87: 86
B88: 유통플랫폼사업 | F88: {=INDIRECT("'※ 재무_세부시트'!"&F$1&$V88, TRUE)} -> 50.502054 | G88: {=INDIRECT("'※ 재무_세부시트'!"&G$1&$V88, TRUE)} -> 1.1190297 | H88: {=INDIRECT("'※ 재무_세부시트'!"&H$1&$V88, TRUE)} -> 13.838715 | I88: {=INDIRECT("'※ 재무_세부시트'!"&I$1&$V88, TRUE)} -> 0.039969178 | J88: {=INDIRECT("'※ 재무_세부시트'!"&J$1&$V88, TRUE)} -> 4.5778122 | K88: {=INDIRECT("'※ 재무_세부시트'!"&K$1&$V88, TRUE)} -> 1.2549278 | L88: {=INDIRECT("'※ 재무_세부시트'!"&L$1&$V88, TRUE)} -> 5.9605089 | M88: {=INDIRECT("'※ 재무_세부시트'!"&M$1&$V88, TRUE)} -> 3.1147506 | ... R88: {=INDIRECT("'※ 재무_세부시트'!"&R$1&$V88, TRUE)} -> 3.1147506 | U88: {=INDIRECT("'※ 재무_세부시트'!"&U$1&$V88, TRUE)} -> -11.842995 | V88: 87
B89: 기타 | E89: 대형마트, KTAC 등 | F89: {=INDIRECT("'※ 재무_세부시트'!"&F$1&$V89, TRUE)} -> 0.0084302856 | G89: {=INDIRECT("'※ 재무_세부시트'!"&G$1&$V89, TRUE)} -> 0.013181756 | H89: {=INDIRECT("'※ 재무_세부시트'!"&H$1&$V89, TRUE)} -> -0.00233813 | I89: {=INDIRECT("'※ 재무_세부시트'!"&I$1&$V89, TRUE)} -> -0.00241334 | J89: {=INDIRECT("'※ 재무_세부시트'!"&J$1&$V89, TRUE)} -> -1.4477308e-13 | K89: {=INDIRECT("'※ 재무_세부시트'!"&K$1&$V89, TRUE)} -> 3.0198066e-14 | L89: {=INDIRECT("'※ 재무_세부시트'!"&L$1&$V89, TRUE)} -> 1.7585933e-13 | M89: {=INDIRECT("'※ 재무_세부시트'!"&M$1&$V89, TRUE)} -> 8.1268325e-14 | ... R89: {=INDIRECT("'※ 재무_세부시트'!"&R$1&$V89, TRUE)} -> 8.1268325e-14 | U89: {=INDIRECT("'※ 재무_세부시트'!"&U$1&$V89, TRUE)} -> -0.010843626 | V89: 88
B91: 소매 | C91: 매출 | F91: {=INDIRECT("'※ 재무_세부시트'!"&F$1&$V91, TRUE)} -> 3340.5869 | G91: {=INDIRECT("'※ 재무_세부시트'!"&G$1&$V91, TRUE)} -> 167.74313 | H91: {=INDIRECT("'※ 재무_세부시트'!"&H$1&$V91, TRUE)} -> 428.25565 | I91: {=INDIRECT("'※ 재무_세부시트'!"&I$1&$V91, TRUE)} -> 246.90402 | J91: {=INDIRECT("'※ 재무_세부시트'!"&J$1&$V91, TRUE)} -> 248.40346 | K91: {=INDIRECT("'※ 재무_세부시트'!"&K$1&$V91, TRUE)} -> 292.8782 | L91: {=INDIRECT("'※ 재무_세부시트'!"&L$1&$V91, TRUE)} -> 205.79866 | M91: {=INDIRECT("'※ 재무_세부시트'!"&M$1&$V91, TRUE)} -> 397.47268 | ... R91: {=INDIRECT("'※ 재무_세부시트'!"&R$1&$V91, TRUE)} -> 397.47268 | U91: {=INDIRECT("'※ 재무_세부시트'!"&U$1&$V91, TRUE)} -> -198.52609 | V91: 132
D92: 상품매출 | F92: {=INDIRECT("'※ 재무_세부시트'!"&F$1&$V92, TRUE)} -> 1771.2595 | G92: {=INDIRECT("'※ 재무_세부시트'!"&G$1&$V92, TRUE)} -> 84.079569 | H92: {=INDIRECT("'※ 재무_세부시트'!"&H$1&$V92, TRUE)} -> 258.24694 | I92: {=INDIRECT("'※ 재무_세부시트'!"&I$1&$V92, TRUE)} -> 114.64373 | J92: {=INDIRECT("'※ 재무_세부시트'!"&J$1&$V92, TRUE)} -> 121.72548 | K92: {=INDIRECT("'※ 재무_세부시트'!"&K$1&$V92, TRUE)} -> 138.92943 | L92: {=INDIRECT("'※ 재무_세부시트'!"&L$1&$V92, TRUE)} -> 85.36573 | M92: {=INDIRECT("'※ 재무_세부시트'!"&M$1&$V92, TRUE)} -> 186.58394 | ... R92: {=INDIRECT("'※ 재무_세부시트'!"&R$1&$V92, TRUE)} -> 186.58394 | U92: {=INDIRECT("'※ 재무_세부시트'!"&U$1&$V92, TRUE)} -> -155.74257 | V92: 133
D93: 정책수수료 | F93: {=INDIRECT("'※ 재무_세부시트'!"&F$1&$V93, TRUE)} -> 1174.2224 | G93: {=INDIRECT("'※ 재무_세부시트'!"&G$1&$V93, TRUE)} -> 49.550632 | H93: {=INDIRECT("'※ 재무_세부시트'!"&H$1&$V93, TRUE)} -> 135.13312 | I93: {=INDIRECT("'※ 재무_세부시트'!"&I$1&$V93, TRUE)} -> 97.077539 | J93: {=INDIRECT("'※ 재무_세부시트'!"&J$1&$V93, TRUE)} -> 93.319228 | K93: {=INDIRECT("'※ 재무_세부시트'!"&K$1&$V93, TRUE)} -> 120.71904 | L93: {=INDIRECT("'※ 재무_세부시트'!"&L$1&$V93, TRUE)} -> 87.744517 | M93: {=INDIRECT("'※ 재무_세부시트'!"&M$1&$V93, TRUE)} -> 149.3654 | ... R93: {=INDIRECT("'※ 재무_세부시트'!"&R$1&$V93, TRUE)} -> 149.3654 | U93: {=INDIRECT("'※ 재무_세부시트'!"&U$1&$V93, TRUE)} -> -35.318355 | V93: 134
D94: 관리수수료 | F94: {=INDIRECT("'※ 재무_세부시트'!"&F$1&$V94, TRUE)} -> 385.71571 | G94: {=INDIRECT("'※ 재무_세부시트'!"&G$1&$V94, TRUE)} -> 32.356733 | H94: {=INDIRECT("'※ 재무_세부시트'!"&H$1&$V94, TRUE)} -> 33.287002 | I94: {=INDIRECT("'※ 재무_세부시트'!"&I$1&$V94, TRUE)} -> 33.052736 | J94: {=INDIRECT("'※ 재무_세부시트'!"&J$1&$V94, TRUE)} -> 31.997195 | K94: {=INDIRECT("'※ 재무_세부시트'!"&K$1&$V94, TRUE)} -> 31.828237 | L94: {=INDIRECT("'※ 재무_세부시트'!"&L$1&$V94, TRUE)} -> 32.599242 | M94: {=INDIRECT("'※ 재무_세부시트'!"&M$1&$V94, TRUE)} -> 61.37175 | ... R94: {=INDIRECT("'※ 재무_세부시트'!"&R$1&$V94, TRUE)} -> 61.37175 | U94: {=INDIRECT("'※ 재무_세부시트'!"&U$1&$V94, TRUE)} -> -4.2719847 | V94: 135
D95: 기타수수료 | F95: {=INDIRECT("'※ 재무_세부시트'!"&F$1&$V95, TRUE)} -> 9.3892794 | G95: {=INDIRECT("'※ 재무_세부시트'!"&G$1&$V95, TRUE)} -> 1.75619 | H95: {=INDIRECT("'※ 재무_세부시트'!"&H$1&$V95, TRUE)} -> 1.5885918 | I95: {=INDIRECT("'※ 재무_세부시트'!"&I$1&$V95, TRUE)} -> 2.1300172 | J95: {=INDIRECT("'※ 재무_세부시트'!"&J$1&$V95, TRUE)} -> 1.3615591 | K95: {=INDIRECT("'※ 재무_세부시트'!"&K$1&$V95, TRUE)} -> 1.4015018 | L95: {=INDIRECT("'※ 재무_세부시트'!"&L$1&$V95, TRUE)} -> 0.08917454 | M95: {=INDIRECT("'※ 재무_세부시트'!"&M$1&$V95, TRUE)} -> 0.15159828 | ... R95: {=INDIRECT("'※ 재무_세부시트'!"&R$1&$V95, TRUE)} -> 0.15159828 | U95: {=INDIRECT("'※ 재무_세부시트'!"&U$1&$V95, TRUE)} -> -3.1931835 | V95: 136
C96: 비용 | F96: {=INDIRECT("'※ 재무_세부시트'!"&F$1&$V96, TRUE)} -> 3163.0589 | G96: {=INDIRECT("'※ 재무_세부시트'!"&G$1&$V96, TRUE)} -> 188.34835 | H96: {=INDIRECT("'※ 재무_세부시트'!"&H$1&$V96, TRUE)} -> 371.54296 | I96: {=INDIRECT("'※ 재무_세부시트'!"&I$1&$V96, TRUE)} -> 230.0367 | J96: {=INDIRECT("'※ 재무_세부시트'!"&J$1&$V96, TRUE)} -> 225.6901 | K96: {=INDIRECT("'※ 재무_세부시트'!"&K$1&$V96, TRUE)} -> 238.84679 | L96: {=INDIRECT("'※ 재무_세부시트'!"&L$1&$V96, TRUE)} -> 204.13006 | M96: {=INDIRECT("'※ 재무_세부시트'!"&M$1&$V96, TRUE)} -> 379.5788 | ... R96: {=INDIRECT("'※ 재무_세부시트'!"&R$1&$V96, TRUE)} -> 379.5788 | U96: {=INDIRECT("'※ 재무_세부시트'!"&U$1&$V96, TRUE)} -> -180.3125 | V96: 137
D97: 매출원가 | F97: {=INDIRECT("'※ 재무_세부시트'!"&F$1&$V97, TRUE)} -> 2021.2959 | G97: {=INDIRECT("'※ 재무_세부시트'!"&G$1&$V97, TRUE)} -> 98.162334 | H97: {=INDIRECT("'※ 재무_세부시트'!"&H$1&$V97, TRUE)} -> 289.07519 | I97: {=INDIRECT("'※ 재무_세부시트'!"&I$1&$V97, TRUE)} -> 127.60674 | J97: {=INDIRECT("'※ 재무_세부시트'!"&J$1&$V97, TRUE)} -> 130.43841 | K97: {=INDIRECT("'※ 재무_세부시트'!"&K$1&$V97, TRUE)} -> 152.05201 | L97: {=INDIRECT("'※ 재무_세부시트'!"&L$1&$V97, TRUE)} -> 103.46676 | M97: {=INDIRECT("'※ 재무_세부시트'!"&M$1&$V97, TRUE)} -> 218.11013 | ... R97: {=INDIRECT("'※ 재무_세부시트'!"&R$1&$V97, TRUE)} -> 218.11013 | U97: {=INDIRECT("'※ 재무_세부시트'!"&U$1&$V97, TRUE)} -> -169.12739 | V97: 138
D98: 인건비 | F98: {=INDIRECT("'※ 재무_세부시트'!"&F$1&$V98, TRUE)} -> 780.32583 | G98: {=INDIRECT("'※ 재무_세부시트'!"&G$1&$V98, TRUE)} -> 68.283412 | H98: {=INDIRECT("'※ 재무_세부시트'!"&H$1&$V98, TRUE)} -> 51.799272 | I98: {=INDIRECT("'※ 재무_세부시트'!"&I$1&$V98, TRUE)} -> 69.400603 | J98: {=INDIRECT("'※ 재무_세부시트'!"&J$1&$V98, TRUE)} -> 68.282614 | K98: {=INDIRECT("'※ 재무_세부시트'!"&K$1&$V98, TRUE)} -> 56.369254 | L98: {=INDIRECT("'※ 재무_세부시트'!"&L$1&$V98, TRUE)} -> 63.447659 | M98: {=INDIRECT("'※ 재무_세부시트'!"&M$1&$V98, TRUE)} -> 120.26004 | ... R98: {=INDIRECT("'※ 재무_세부시트'!"&R$1&$V98, TRUE)} -> 120.26004 | U98: {=INDIRECT("'※ 재무_세부시트'!"&U$1&$V98, TRUE)} -> 0.17735609 | V98: 139
D99: 마케팅비 | F99: {=INDIRECT("'※ 재무_세부시트'!"&F$1&$V99, TRUE)} -> 237.57264 | G99: {=INDIRECT("'※ 재무_세부시트'!"&G$1&$V99, TRUE)} -> 11.263195 | H99: {=INDIRECT("'※ 재무_세부시트'!"&H$1&$V99, TRUE)} -> 19.183559 | I99: {=INDIRECT("'※ 재무_세부시트'!"&I$1&$V99, TRUE)} -> 22.347614 | J99: {=INDIRECT("'※ 재무_세부시트'!"&J$1&$V99, TRUE)} -> 16.036362 | K99: {=INDIRECT("'※ 재무_세부시트'!"&K$1&$V99, TRUE)} -> 19.616388 | L99: {=INDIRECT("'※ 재무_세부시트'!"&L$1&$V99, TRUE)} -> 28.653633 | M99: {=INDIRECT("'※ 재무_세부시트'!"&M$1&$V99, TRUE)} -> 22.043787 | ... R99: {=INDIRECT("'※ 재무_세부시트'!"&R$1&$V99, TRUE)} -> 22.043787 | U99: {=INDIRECT("'※ 재무_세부시트'!"&U$1&$V99, TRUE)} -> -8.402967 | V99: 140
D100: 임차관리비 | F100: {=INDIRECT("'※ 재무_세부시트'!"&F$1&$V100, TRUE)} -> 45.113313 | G100: {=INDIRECT("'※ 재무_세부시트'!"&G$1&$V100, TRUE)} -> 4.1202875 | H100: {=INDIRECT("'※ 재무_세부시트'!"&H$1&$V100, TRUE)} -> 3.8893027 | I100: {=INDIRECT("'※ 재무_세부시트'!"&I$1&$V100, TRUE)} -> 3.5901103 | J100: {=INDIRECT("'※ 재무_세부시트'!"&J$1&$V100, TRUE)} -> 3.4978945 | K100: {=INDIRECT("'※ 재무_세부시트'!"&K$1&$V100, TRUE)} -> 3.3163877 | L100: {=INDIRECT("'※ 재무_세부시트'!"&L$1&$V100, TRUE)} -> 3.2097178 | M100: {=INDIRECT("'※ 재무_세부시트'!"&M$1&$V100, TRUE)} -> 8.8104793 | ... R100: {=INDIRECT("'※ 재무_세부시트'!"&R$1&$V100, TRUE)} -> 8.8104793 | U100: {=INDIRECT("'※ 재무_세부시트'!"&U$1&$V100, TRUE)} -> 0.80088902 | V100: 141
D101: 기타운영비 | F101: {=INDIRECT("'※ 재무_세부시트'!"&F$1&$V101, TRUE)} -> 78.751137 | G101: {=INDIRECT("'※ 재무_세부시트'!"&G$1&$V101, TRUE)} -> 6.5191168 | H101: {=INDIRECT("'※ 재무_세부시트'!"&H$1&$V101, TRUE)} -> 7.5956306 | I101: {=INDIRECT("'※ 재무_세부시트'!"&I$1&$V101, TRUE)} -> 7.091625 | J101: {=INDIRECT("'※ 재무_세부시트'!"&J$1&$V101, TRUE)} -> 7.4348191 | K101: {=INDIRECT("'※ 재무_세부시트'!"&K$1&$V101, TRUE)} -> 7.4927522 | L101: {=INDIRECT("'※ 재무_세부시트'!"&L$1&$V101, TRUE)} -> 5.3522877 | M101: {=INDIRECT("'※ 재무_세부시트'!"&M$1&$V101, TRUE)} -> 10.354361 | ... R101: {=INDIRECT("'※ 재무_세부시트'!"&R$1&$V101, TRUE)} -> 10.354361 | U101: {=INDIRECT("'※ 재무_세부시트'!"&U$1&$V101, TRUE)} -> -3.7603866 | V101: 142
C102: 영업이익 | F102: {=INDIRECT("'※ 재무_세부시트'!"&F$1&$V102, TRUE)} -> 49.526348 | G102: {=INDIRECT("'※ 재무_세부시트'!"&G$1&$V102, TRUE)} -> -18.295067 | H102: {=INDIRECT("'※ 재무_세부시트'!"&H$1&$V102, TRUE)} -> 34.361785 | I102: {=INDIRECT("'※ 재무_세부시트'!"&I$1&$V102, TRUE)} -> 11.391866 | J102: {=INDIRECT("'※ 재무_세부시트'!"&J$1&$V102, TRUE)} -> 16.529727 | K102: {=INDIRECT("'※ 재무_세부시트'!"&K$1&$V102, TRUE)} -> 36.827466 | L102: {=INDIRECT("'※ 재무_세부시트'!"&L$1&$V102, TRUE)} -> -2.2899242 | M102: {=INDIRECT("'※ 재무_세부시트'!"&M$1&$V102, TRUE)} -> 0.609687 | ... R102: {=INDIRECT("'※ 재무_세부시트'!"&R$1&$V102, TRUE)} -> 0.609687 | U102: {=INDIRECT("'※ 재무_세부시트'!"&U$1&$V102, TRUE)} -> -15.457031 | V102: 143
D103: 공통비 | F103: {=INDIRECT("'※ 재무_세부시트'!"&F$1&$V103, TRUE)} -> 128.00168 | G103: {=INDIRECT("'※ 재무_세부시트'!"&G$1&$V103, TRUE)} -> -2.3101537 | H103: {=INDIRECT("'※ 재무_세부시트'!"&H$1&$V103, TRUE)} -> 22.350905 | I103: {=INDIRECT("'※ 재무_세부시트'!"&I$1&$V103, TRUE)} -> 5.4754566 | J103: {=INDIRECT("'※ 재무_세부시트'!"&J$1&$V103, TRUE)} -> 6.1836324 | K103: {=INDIRECT("'※ 재무_세부시트'!"&K$1&$V103, TRUE)} -> 17.203948 | L103: {=INDIRECT("'※ 재무_세부시트'!"&L$1&$V103, TRUE)} -> 3.9585252 | M103: {=INDIRECT("'※ 재무_세부시트'!"&M$1&$V103, TRUE)} -> 17.284195 | ... R103: {=INDIRECT("'※ 재무_세부시트'!"&R$1&$V103, TRUE)} -> 17.284195 | U103: {=INDIRECT("'※ 재무_세부시트'!"&U$1&$V103, TRUE)} -> -2.7565564 | V103: 144
B104: 도매 | C104: 매출 | F104: {=INDIRECT("'※ 재무_세부시트'!"&F$1&$V104, TRUE)} -> 476.07802 | G104: {=INDIRECT("'※ 재무_세부시트'!"&G$1&$V104, TRUE)} -> 44.517634 | H104: {=INDIRECT("'※ 재무_세부시트'!"&H$1&$V104, TRUE)} -> 46.736148 | I104: {=INDIRECT("'※ 재무_세부시트'!"&I$1&$V104, TRUE)} -> 39.487868 | J104: {=INDIRECT("'※ 재무_세부시트'!"&J$1&$V104, TRUE)} -> 38.925385 | K104: {=INDIRECT("'※ 재무_세부시트'!"&K$1&$V104, TRUE)} -> 36.960216 | L104: {=INDIRECT("'※ 재무_세부시트'!"&L$1&$V104, TRUE)} -> 39.269661 | M104: {=INDIRECT("'※ 재무_세부시트'!"&M$1&$V104, TRUE)} -> 156.03538 | ... R104: {=INDIRECT("'※ 재무_세부시트'!"&R$1&$V104, TRUE)} -> 156.03538 | U104: {=INDIRECT("'※ 재무_세부시트'!"&U$1&$V104, TRUE)} -> 64.781601 | V104: 145
...

Sheet ※ 재무_세부시트
F1: E | R1: E | CR1: =SUBSTITUTE(ADDRESS(1,COLUMN(),4),"1","") -> CR | CS1: =SUBSTITUTE(ADDRESS(1,COLUMN(),4),"1","") -> CS | CT1: =SUBSTITUTE(ADDRESS(1,COLUMN(),4),"1","") -> CT | CU1: =SUBSTITUTE(ADDRESS(1,COLUMN(),4),"1","") -> CU | CV1: =SUBSTITUTE(ADDRESS(1,COLUMN(),4),"1","") -> CV | CW1: =SUBSTITUTE(ADDRESS(1,COLUMN(),4),"1","") -> CW | CX1: =SUBSTITUTE(ADDRESS(1,COLUMN(),4),"1","") -> CX
A2: □ 재무실적 | E2: ='0. 개요'!AE2 -> 46054 | F2: 2020.01 | G2: 2020.02 | H2: 2020.03 | I2: 2020.04 | J2: 2020.05 | K2: 2020.06 | L2: 2020.07 | M2: 2020.08 | N2: 2020.09 | O2: 2020.1 | P2: 2020.11 | Q2: 2020.12 | R2: 2021.01 | S2: 2021.02 | T2: 2021.03 | U2: 2021.04 | V2: 2021.05 | W2: 2021.06 | X2: 2021.07 | Y2: 2021.08 | Z2: 2021.09 | AA2: 2021.1 | AB2: 2021.11 | AC2: 2021.12 | AD2: 2022.01 | AE2: 2022.02 | AF2: 2022.03 | AG2: 2022.04 | AH2: 2022.05 | AI2: 2022.06 | AJ2: 2022.07 | AK2: 2022.08 | AL2: 2022.09 | AM2: 2022.1 | AN2: 2022.11 | AO2: 2022.12 | AQ2: 2023.01 | AR2: 2023.02 | AS2: 2023.03 | AT2: 2023.04 | AU2: 2023.05 | AV2: 2023.06 | AW2: 2023.07 | AX2: 2023.08 | AY2: 2023.09 | AZ2: 2023.1 | BA2: 2023.11 | BB2: 2023.12 | BD2: 2024.01 | BE2: 2024.02 | BF2: 2024.03 | BG2: 2024.04 | BH2: 2024.05 | BI2: 2024.06 | BJ2: 2024.07 | BK2: 2024.08 | BL2: 2024.09 | BM2: 2024.1 | BN2: 2024.11 | BO2: 2024.12 | DA2: 1.001 | DB2: 2.001 | DC2: 3.001 | DD2: 4.001 | DE2: 5.001 | DF2: 6.001 | DG2: 7.001 | DH2: 8.001 | DI2: 9.001 | DJ2: 10.001 | DK2: 11.001 | DL2: 12.001
A3: (단위 : 억원) | E3: ※ 내부 도전목표 | F3: 2020년 | M3: =M5-M7-M54 -> 20.234601 | R3: 2021년 | Y3: =Y5-Y7-Y54 -> 7.4974503 | AD3: 2022년 | AK3: =AK5-AK7-AK54 -> 10.433726 | AQ3: 2023년 | BD3: 2024년 | BQ3: 2025년 | CD3: 2026년 | CU3: ="연간누적실적(~"&MONTH(E2)&"월)" -> 연간누적실적(~2월)
A4: 구분 | E4: 설명 | F4: '20.1월 | G4: '20.2월 | H4: '20.3월 | I4: '20.4월 | J4: '20.5월 | K4: '20.6월 | L4: '20.7월 | M4: '20.8월 | N4: '20.9월 | O4: '20.10월 | P4: '20.11월 | Q4: '20.12월 | R4: '21.1월 | S4: '21.2월 | T4: '21.3월 | U4: '21.4월 | V4: '21.5월 | W4: '21.6월 | X4: '21.7월 | Y4: '21.8월 | Z4: '21.9월 | AA4: '21.10월 | AB4: '21.11월 | AC4: '21.12월 | AD4: '22.1월 | AE4: '22.2월 | AF4: '22.3월 | AG4: '22.4월 | AH4: '22.5월 | AI4: '22.6월 | AJ4: '22.7월 | AK4: '22.8월 | AL4: '22.9월 | AM4: '22.10월 | AN4: '22.11월 | AO4: '22.12월 | AP4: 계 | AQ4: 23.1월 | AR4: 23.2월 | AS4: 23.3월 | AT4: 23.4월 | AU4: 23.5월 | AV4: 23.6월 | AW4: 23.7월 | AX4: 23.8월 | AY4: 23.9월 | AZ4: 23.10월 | BA4: 23.11월 | BB4: 23.12월 | BC4: 계 | BD4: '24.1월 | BE4: '24.2월 | BF4: 24.3월 | BG4: '24.4월 | BH4: '24.5월 | BI4: '24.6월 | BJ4: '24.7월 | BK4: '24.8월 | BL4: '24.9월 | BM4: '24.10월 | BN4: '24.11월 | BO4: '24.12월 | BP4: 계 | BQ4: '25.1월 | BR4: '25.2월 | BS4: '25.3월 | BT4: '25.4월 | BU4: '25.5월 | BV4: '25.6월 | BW4: '25.7월 | BX4: '25.8월 | BY4: '25.9월 | BZ4: '25.10월 | CA4: '25.11월 | CB4: '25.12월 | CC4: 계 | CD4: '26.1월 | CE4: '26.2월 | CF4: '26.3월 | CG4: '26.4월 | CH4: '26.5월 | CI4: '26.6월 | CJ4: '26.7월 | CK4: '26.8월 | CL4: '26.9월 | CM4: '26.10월 | CN4: '26.11월 | CO4: '26.12월 | CP4: 목표대비 | CQ4: 달성률 | CR4: 전월대비 | CS4: 전년 동월대비 | CT4: 전작 출시대비 | CU4: 누적 | CV4: 목표대비 | CW4: 달성률 | CX4: 전년 동기대비 | DA4: '26.1월 | DB4: '26.2월 | DC4: '26.3월 | DD4: '26.4월 | DE4: '26.5월 | DF4: '26.6월 | DG4: '26.7월 | DH4: '26.8월 | DI4: '26.9월 | DJ4: '26.10월 | DK4: '26.11월 | DL4: '26.12월 | DM4: 계
A5: 총매출 (ⓐ+ⓑ+ⓒ+ⓓ) | F5: 569.51147 | G5: 578.34212 | H5: 568.02299 | I5: 502.95302 | J5: 524.24927 | K5: 452.26849 | L5: 441.22264 | M5: 662.73824 | N5: 521.37494 | O5: 575.08277 | P5: 654.55505 | Q5: 561.64881 | R5: 567.26062 | S5: 506.97307 | T5: 509.6057 | U5: 534.82581 | V5: 511.04063 | W5: 530.63334 | X5: 495.89082 | Y5: 721.12801 | Z5: 658.38127 | AA5: 804.74588 | AB5: 644.2723 | AC5: 616.92996 | AD5: =AD6+AD12+AD49 -> 465.97 | AE5: =AE6+AE12+AE49 -> 686.7605 | AF5: =AF6+AF12+AF49 -> 518.85 | AG5: =AG6+AG12+AG49 -> 515.35 | AH5: =AH6+AH12+AH49 -> 562.35 | AI5: =AI6+AI12+AI49 -> 609.07305 | AJ5: 486.34172 | AK5: 764.8615 | AL5: 529.65776 | AM5: 958.54831 | AN5: 582.43953 | AO5: 605.0712 | AP5: =SUM(AD5:AO5) -> 7285.2736 | AQ5: 474.37248 | AR5: 736.97131 | AS5: 520.49606 | AT5: 489.87118 | AU5: 510.89928 | AV5: 472.27082 | AW5: 412.06067 | AX5: 845.34421 | AY5: 469.75417 | AZ5: 1016.6929 | BA5: 514.05647 | BB5: 488.55515 | BC5: 6951.3447 | BD5: =BD6+BD12+BD49 -> 1190.058 | BE5: =BE6+BE12+BE49 -> 614.86194 | BF5: =BF6+BF12+BF49 -> 557.68208 | BG5: =BG6+BG12+BG49 -> 500.51677 | BH5: =BH6+BH12+BH49 -> 429.9683 | BI5: =BI6+BI12+BI49 -> 619.57999 | BJ5: =BJ6+BJ12+BJ49 -> 762.35506 | BK5: 568.02692 | BL5: 936.12682 | BM5: 881.98863 | BN5: 494.88055 | BO5: 517.02606 | BP5: 8073.0711 | BQ5: =BQ6+BQ12+BQ49 -> 560.63833 | BR5: =BR6+BR12+BR49 -> 1003.2939 | BS5: =BS6+BS12+BS49 -> 569.23055 | BT5: =BT6+BT12+BT49 -> 449.51814 | BU5: =BU6+BU12+BU49 -> 517.36254 | BV5: =BV6+BV12+BV49 -> 544.95947 | BW5: =BW6+BW12+BW49 -> 810.20838 | BX5: =BX6+BX12+BX49 -> 537.55465 | ... CB5: =CB6+CB12+CB49 -> 507.16995 | CC5: =SUM(BQ5:CB5) -> 7534.581 | CD5: =CD6+CD12+CD49 -> 776.64177 | CE5: =CE6+CE12+CE49 -> 490.15396 | CP5: =HLOOKUP($E$2,$BQ$2:$CB$530,ROW()-1,0)-HLOOKUP($E$2,$DA$2:$DL$437,ROW()-1,0) -> #N/A | CQ5: =IFERROR(HLOOKUP($E$2,$BQ$2:$CB$530,ROW()-1,0)/HLOOKUP($E$2,$DA$2:$DL$437,ROW()-1,0),0) -> 0 | CR5: =CE5-CD5 -> -286.4878 | CS5: =CE5-BR5 -> -513.13996 | CU5: =SUM(CD5:CO5) -> 1266.7957 | CV5: =CU5-SUM(DA5:DB5) -> 1266.7957 | CW5: =IFERROR(CU5/SUM(DA5:DB5),0) -> 0 | CX5: =SUM(CD5:CE5)-SUM(BQ5:BR5) -> -297.13652 | CZ5: =A5 -> 총매출 (ⓐ+ⓑ+ⓒ+ⓓ) | DM5: =SUM(DA5:DL5) -> 0
A6: 상품매출 (ⓐ+ⓓ) | F6: 425.1258 | G6: 435.59137 | H6: 417.06116 | I6: 362.0861 | J6: 376.76339 | K6: 311.12636 | L6: 298.44903 | M6: 511.91695 | N6: 377.02539 | O6: 417.6057 | P6: 478.98465 | Q6: 421.78799 | R6: 427.30241 | S6: 359.95052 | T6: 373.13112 | U6: 392.55809 | V6: 350.17415 | W6: 355.84174 | X6: 327.1894 | Y6: 533.93235 | Z6: 487.44124 | AA6: 619.26929 | AB6: 478.3939 | AC6: 371.54032 | AD6: =AD11+AD52 -> 314.07 | AE6: =AE11+AE52 -> 510.5 | AF6: =AF11+AF52 -> 363.69 | AG6: =AG11+AG52 -> 337.67 | AH6: =AH11+AH52 -> 367.09 | AI6: =AI11+AI52 -> 398.52305 | AJ6: 292.67989 | AK6: 544.67727 | AL6: 342.49629 | AM6: 769.85844 | AN6: 414.74087 | AO6: 321.00398 | AQ6: 326.19489 | AR6: 526.58673 | AS6: 341.83856 | AT6: 294.56878 | AU6: 312.07731 | AV6: 247.27282 | AW6: 221.5312 | AX6: 575.99764 | AY6: 273.79615 | AZ6: 776.33182 | BA6: 344.11767 | BB6: 287.62393 | BC6: 4527.9375 | BD6: =BD11+BD52 -> 940.06422 | BE6: =BE11+BE52 -> 427.55354 | BF6: =BF11+BF52 -> 367.05735 | BG6: =BG11+BG52 -> 287.88902 | BH6: =BH11+BH52 -> 238.00012 | BI6: =BI11+BI52 -> 431.33398 | BJ6: =BJ11+BJ52 -> 492.63717 | BK6: =BK11+BK52 -> 361.22709 | ... BN6: =BN11+BN52 -> 285.92329 | BO6: 290.83169 | BP6: 5452.5105 | BQ6: =BQ11+BQ52 -> 377.4824 | BR6: =BR11+BR52 -> 737.1983 | BS6: =BS11+BS52 -> 368.49675 | BT6: =BT11+BT52 -> 243.45807 | BU6: =BU11+BU52 -> 287.03542 | BV6: =BV11+BV52 -> 319.55447 | BW6: =BW11+BW52 -> 493.41569 | BX6: =BX11+BX52 -> 313.17966 | ... CB6: =CB11+CB52 -> 222.84258 | CC6: =SUM(BQ6:CB6) -> 4676.9607 | CD6: =CD11+CD52 -> 508.33631 | CE6: =CE11+CE52 -> 288.02521 | CP6: =HLOOKUP($E$2,$BQ$2:$CB$530,ROW()-1,0)-HLOOKUP($E$2,$DA$2:$DL$437,ROW()-1,0) -> #N/A | CQ6: =IFERROR(HLOOKUP($E$2,$BQ$2:$CB$530,ROW()-1,0)/HLOOKUP($E$2,$DA$2:$DL$437,ROW()-1,0),0) -> 0 | CR6: =CE6-CD6 -> -220.3111 | CS6: =CE6-BR6 -> -449.17309 | CU6: =SUM(CD6:CO6) -> 796.36152 | CV6: =CU6-SUM(DA6:DB6) -> 796.36152 | CW6: =IFERROR(CU6/SUM(DA6:DB6),0) -> 0 | CX6: =SUM(CD6:CE6)-SUM(BQ6:BR6) -> -318.31918 | CZ6: =A6 -> 상품매출 (ⓐ+ⓓ) | DM6: =SUM(DA6:DL6) -> 0
A7: 상품원가 | F7: 431.05112 | G7: 439.98351 | H7: 418.06972 | I7: 355.84579 | J7: 376.48167 | K7: 305.23117 | L7: 297.5759 | M7: 510.57504 | N7: 381.12291 | O7: 415.98218 | P7: 486.8089 | Q7: 421.27194 | R7: 430.318 | S7: 362.04686 | T7: 366.78754 | U7: 397.33485 | V7: 361.3201 | W7: 374.57079 | X7: 345.47228 | Y7: 572.08191 | Z7: 500.30267 | AA7: 644.31456 | AB7: 489.556 | AC7: 403.14611 | AD7: 335.93 | AE7: 528.1 | AF7: 336.8 | AG7: 350.28 | AH7: 381.14 | AI7: 425.59492 | AJ7: 309.76084 | AK7: 583.86101 | AL7: 340.89587 | AM7: 777.74195 | AN7: 419.88816 | AO7: 321.84356 | AQ7: 332.61489 | AR7: 563.94445 | AS7: 347.8352 | AT7: 318.36152 | AU7: 338.16961 | AV7: 266.59199 | AW7: 230.31367 | AX7: 636.29756 | AY7: 264.79659 | AZ7: 768.34303 | BA7: 341.94122 | BB7: 284.83683 | BC7: 4694.0465 | BD7: 998.0768 | BE7: 439.12202 | BF7: 382.102 | BG7: 315.69318 | BH7: 265.66272 | BI7: 461.67626 | BJ7: 564.07347 | BK7: 389.93011 | BL7: 703.64603 | BM7: 663.13773 | BN7: 316.72315 | BO7: 325.68991 | BP7: 5825.5334 | BQ7: 388.7483 | BR7: 790.57614 | BS7: 385.18887 | BT7: 256.63171 | BU7: 307.72262 | BV7: 324.79942 | BW7: 562.04739 | BX7: 357.89969 | BY7: 628.35759 | BZ7: 396.72068 | CA7: 359.6247 | CB7: 254.39444 | CC7: =SUM(BQ7:CB7) -> 5012.7115 | CD7: 565.01271 | CE7: 313.4945 | CP7: =HLOOKUP($E$2,$BQ$2:$CB$530,ROW()-1,0)-HLOOKUP($E$2,$DA$2:$DL$437,ROW()-1,0) -> #N/A | CQ7: =IFERROR(HLOOKUP($E$2,$BQ$2:$CB$530,ROW()-1,0)/HLOOKUP($E$2,$DA$2:$DL$437,ROW()-1,0),0) -> 0 | CR7: =CE7-CD7 -> -251.51821 | CS7: =CE7-BR7 -> -477.08163 | CU7: =SUM(CD7:CO7) -> 878.50721 | CV7: =CU7-SUM(DA7:DB7) -> 878.50721 | CW7: =IFERROR(CU7/SUM(DA7:DB7),0) -> 0 | CX7: =SUM(CD7:CE7)-SUM(BQ7:BR7) -> -300.81723 | CZ7: =A7 -> 상품원가 | DM7: =SUM(DA7:DL7) -> 0
A8: 상품이익 | F8: =(F6-F7) -> -5.9253217 | G8: =(G6-G7) -> -4.3921413 | H8: =(H6-H7) -> -1.0085613 | I8: =(I6-I7) -> 6.2403063 | J8: =(J6-J7) -> 0.28171238 | K8: =(K6-K7) -> 5.8951933 | L8: =(L6-L7) -> 0.87313211 | M8: =(M6-M7) -> 1.3419101 | ... Q8: =(Q6-Q7) -> 0.51604462 | R8: -3.0155906 | S8: -2.0963358 | T8: 6.3435833 | U8: -4.7767639 | V8: -11.145956 | W8: -18.729043 | X8: -18.282875 | Y8: -38.149559 | Z8: -12.861424 | AA8: -25.045272 | AB8: -11.1621 | AC8: -31.605795 | AD8: =AD6-AD7 -> -21.86 | AE8: =AE6-AE7 -> -17.6 | AF8: =AF6-AF7 -> 26.89 | AG8: =AG6-AG7 -> -12.61 | AH8: =AH6-AH7 -> -14.05 | AI8: =AI6-AI7 -> -27.071866 | AJ8: -17.080956 | AK8: -39.183743 | AL8: 1.6004203 | AM8: -7.8835159 | AN8: -5.1472846 | AO8: -0.8395823 | AQ8: -6.419994 | AR8: -37.357717 | AS8: -5.9966427 | AT8: -23.792732 | AU8: -26.092303 | AV8: -19.319165 | AW8: -8.782463 | AX8: -60.299919 | AY8: 8.9995535 | AZ8: 7.988791 | BA8: 2.1764484 | BB8: 2.7870985 | BC8: -166.10904 | BD8: =BD6-BD7 -> -58.012584 | BE8: =BE6-BE7 -> -11.568477 | BF8: =BF6-BF7 -> -15.044648 | BG8: =BG6-BG7 -> -27.804163 | BH8: =BH6-BH7 -> -27.662603 | BI8: =BI6-BI7 -> -30.342279 | BJ8: =BJ6-BJ7 -> -71.436297 | BK8: =BK6-BK7 -> -28.703017 | ... BO8: =BO6-BO7 -> -34.858223 | BP8: -373.02286 | BQ8: =BQ6-BQ7 -> -11.265901 | BR8: =BR6-BR7 -> -53.377835 | BS8: -16.692117 | BT8: -13.173643 | BU8: -20.6872 | BV8: -5.2449434 | BW8: -68.631704 | BX8: -44.720026 | BY8: -16.504638 | BZ8: -30.998463 | CA8: -22.902526 | CB8: -31.551856 | CC8: =SUM(BQ8:CB8) -> -335.75085 | CD8: -56.676402 | CE8: -25.46929 | CP8: =HLOOKUP($E$2,$BQ$2:$CB$530,ROW()-1,0)-HLOOKUP($E$2,$DA$2:$DL$437,ROW()-1,0) -> #N/A | CQ8: - | CR8: =CE8-CD8 -> 31.207112 | CS8: =CE8-BR8 -> 27.908545 | CU8: =SUM(CD8:CO8) -> -82.145691 | CV8: =CU8-SUM(DA8:DB8) -> -82.145691 | CW8: - | CX8: =SUM(CD8:CE8)-SUM(BQ8:BR8) -> -17.501956 | CZ8: =A8 -> 상품이익 | DM8: =SUM(DA8:DL8) -> 0
B9: * 프리할부 | R9: 0.2204745 | S9: 1.1927519 | T9: 2.9505761 | U9: 3.4128351 | V9: 2.7226737 | W9: 9.8159841 | X9: 18.61316 | Y9: 33.8014 | Z9: 13.003586 | AA9: 12.992893 | AB9: 10.694398 | AC9: 10.168739 | AD9: 10.513296 | AE9: 19.256461 | AF9: 11.210794 | AG9: 11.913514 | AH9: 11.241397 | AI9: 23.006637 | AJ9: 8.7868278 | AK9: 27.523995 | AL9: 11.145711 | AM9: 12.810581 | AN9: 9.0803425 | AO9: 8.0588852 | AQ9: 8.9098142 | AR9: 21.689249 | AS9: 14.507444 | AT9: 17.838919 | AU9: 17.41659 | AV9: 16.89778 | AW9: 11.35646 | AX9: 35.958989 | AY9: 8.879484 | AZ9: 21.659157 | BA9: 9.1784308 | BB9: 5.9321402 | BC9: 190.22446 | BD9: 46.830659 | BE9: 28.690831 | BF9: 23.280654 | BG9: 21.779793 | BH9: 23.41266 | BI9: 25.559514 | BJ9: 67.529861 | BK9: 26.370876 | BL9: 40.438865 | BM9: 18.069985 | BN9: 17.555633 | BO9: 13.641782 | BP9: 353.16111 | BQ9: 15.730997 | BR9: 40.752403 | CC9: =SUM(BQ9:CB9) -> 56.4834 | CP9: =HLOOKUP($E$2,$BQ$2:$CB$530,ROW()-1,0)-HLOOKUP($E$2,$DA$2:$DL$437,ROW()-1,0) -> #N/A | CQ9: =IFERROR(2-ABS(HLOOKUP($E$2,$BQ$2:$CB$530,ROW()-1,0)/HLOOKUP($E$2,$DA$2:$DL$437,ROW()-1,0)),0) -> 0 | CR9: =CE9-CD9 -> 0 | CS9: =CE9-BR9 -> -40.752403 | CU9: =SUM(CD9:CO9) -> 0 | CV9: =CU9-SUM(DA9:DB9) -> 0 | CW9: =IFERROR(2-ABS(CU9/SUM(DA9:DB9)),0) -> 0 | CX9: =SUM(CD9:CE9)-SUM(BQ9:BR9) -> -56.4834 | CZ9: =B9 -> * 프리할부 | DM9: =SUM(DA9:DL9) -> 0
A10: 통신매출 | F10: =F11+F12 -> 569.51147 | G10: =G11+G12 -> 578.34212 | H10: =H11+H12 -> 568.02299 | I10: =I11+I12 -> 502.95302 | J10: =J11+J12 -> 524.24927 | K10: =K11+K12 -> 452.26849 | L10: =L11+L12 -> 441.22264 | M10: =M11+M12 -> 662.73824 | ... AC10: =AC11+AC12 -> 616.92996 | AQ10: =AQ11+AQ12 -> 455.44412 | AR10: =AR11+AR12 -> 716.63619 | AS10: =AW11+AW12 -> 405.6814 | AT10: =AT11+AT12 -> 465.41111 | AU10: =AU11+AU12 -> 466.02965 | AV10: =AV11+AV12 -> 463.61065 | AW10: =AW11+AW12 -> 405.6814 | AX10: =AX11+AX12 -> 822.26186 | AY10: =AY11+AY12 -> 434.32383 | AZ10: =AZ11+AZ12 -> 986.75108 | BA10: =BA11+BA12 -> 503.84647 | BB10: =BB11+BB12 -> 449.86678 | BC10: =SUM(AQ10:BB10) -> 6575.5445 | BD10: =BD11+BD12 -> 1186.5926 | BE10: =BE11+BE12 -> 597.79148 | BF10: =BF11+BF12 -> 529.86588 | BG10: =BG11+BG12 -> 441.67583 | BH10: =BH11+BH12 -> 402.75332 | BI10: =BI11+BI12 -> 611.33347 | BJ10: =BJ11+BJ12 -> 748.57846 | BK10: =BK11+BK12 -> 515.44757 | ... BO10: =BO11+BO12 -> 489.19614 | BP10: 7673.4989 | BQ10: =BQ11+BQ12 -> 533.56526 | BR10: =BR11+BR12 -> 937.0369 | BS10: =BS11+BS12 -> 520.82451 | BT10: =BT11+BT12 -> 413.50723 | BU10: =BU11+BU12 -> 474.81409 | BV10: =BV11+BV12 -> 497.40316 | BW10: =BW11+BW12 -> 753.50974 | BX10: =BX11+BX12 -> 479.35549 | ... CB10: =CB11+CB12 -> 490.8168 | CC10: =SUM(BQ10:CB10) -> 6977.9968 | CD10: =CD11+CD12 -> 761.90834 | CE10: =CE11+CE12 -> 462.24415 | CP10: =HLOOKUP($E$2,$BQ$2:$CB$530,ROW()-1,0)-HLOOKUP($E$2,$DA$2:$DL$437,ROW()-1,0) -> #N/A | CQ10: =IFERROR(HLOOKUP($E$2,$BQ$2:$CB$530,ROW()-1,0)/HLOOKUP($E$2,$DA$2:$DL$437,ROW()-1,0),0) -> 0 | CR10: =CE10-CD10 -> -299.6642 | CS10: =CE10-BR10 -> -474.79275 | CU10: =SUM(CD10:CO10) -> 1224.1525 | CV10: =CU10-SUM(DA10:DB10) -> 1224.1525 | CW10: =IFERROR(CU10/SUM(DA10:DB10),0) -> 0 | CX10: =SUM(CD10:CE10)-SUM(BQ10:BR10) -> -246.44967 | CZ10: =A10 -> 통신매출 | DM10: =DM11+DM12 -> 0
B11: 상품매출(통신) ⓐ | F11: 425.1258 | G11: =G6 -> 435.59137 | H11: =H6 -> 417.06116 | I11: =I6 -> 362.0861 | J11: =J6 -> 376.76339 | K11: =K6 -> 311.12636 | L11: =L6 -> 298.44903 | M11: =M6 -> 511.91695 | N11: =N6 -> 377.02539 | ... Q11: =Q6 -> 421.78799 | R11: 427.30241 | S11: 359.95052 | T11: 373.13112 | U11: 392.55809 | V11: 350.17415 | W11: 355.84174 | X11: 327.1894 | Y11: 533.93235 | Z11: 487.44124 | AA11: 619.26929 | AB11: 478.3939 | AC11: 371.54032 | AD11: 314.07 | AE11: 510.5 | AF11: 363.69 | AG11: 337.67 | AH11: 367.09 | AI11: 398.52305 | AJ11: 292.67989 | AK11: 544.67727 | AL11: 342.49629 | AM11: 769.85844 | AN11: 414.74087 | AO11: 321.00398 | AQ11: 307.5619 | AR11: 506.3474 | AS11: 335.51971 | AT11: 270.10871 | AU11: 267.22187 | AV11: 238.84648 | AW11: 215.1817 | AX11: 553.17258 | AY11: 238.47596 | AZ11: 746.45886 | BA11: 333.94233 | BB11: 251.21295 | BC11: 4264.0504 | BD11: 937.30233 | BE11: 412.93291 | BF11: 340.37765 | BG11: 236.73679 | BH11: 212.96512 | BI11: =42433.744472/100 -> 424.33744 | BJ11: 480.94917 | BK11: 311.64623 | BL11: 614.09557 | BM11: 599.40744 | BN11: 263.86619 | BO11: 268.77934 | BP11: 5103.3962 | BQ11: 355.07525 | BR11: 679.23028 | BS11: 321.5338 | BT11: 213.07458 | BU11: 246.36239 | BV11: 274.80847 | BW11: 441.47967 | BX11: 256.74805 | BY11: 559.57756 | BZ11: 324.9823 | CA11: 284.83314 | CB11: 209.09681 | CC11: =SUM(BQ11:CB11) -> 4166.8023 | CD11: 497.57642 | CE11: 261.19275 | CP11: =HLOOKUP($E$2,$BQ$2:$CB$530,ROW()-1,0)-HLOOKUP($E$2,$DA$2:$DL$437,ROW()-1,0) -> #N/A | CQ11: =IFERROR(HLOOKUP($E$2,$BQ$2:$CB$530,ROW()-1,0)/HLOOKUP($E$2,$DA$2:$DL$437,ROW()-1,0),0) -> 0 | CR11: =CE11-CD11 -> -236.38367 | CS11: =CE11-BR11 -> -418.03754 | CU11: =SUM(CD11:CO11) -> 758.76916 | CV11: =CU11-SUM(DA11:DB11) -> 758.76916 | CW11: =IFERROR(CU11/SUM(DA11:DB11),0) -> 0 | CX11: =SUM(CD11:CE11)-SUM(BQ11:BR11) -> -275.53637 | CZ11: =B11 -> 상품매출(통신) ⓐ | DM11: =SUM(DA11:DL11) -> 0
B12: 수수료매출(통신) ⓑ | F12: 144.38567 | G12: 142.75075 | H12: 150.96183 | I12: 140.86692 | J12: 147.48588 | K12: 141.14213 | L12: 142.77361 | M12: 150.82129 | N12: 144.34955 | O12: 157.47707 | P12: 175.5704 | Q12: 139.86082 | R12: 139.95821 | S12: 147.02255 | T12: 136.47458 | U12: 142.26772 | V12: 160.86648 | W12: 174.7916 | X12: 168.70142 | Y12: 187.19565 | Z12: 170.94003 | AA12: 185.47659 | AB12: 165.8784 | AC12: 245.38964 | AD12: 151.9 | AE12: 176.2605 | AF12: 155.16 | AG12: 177.68 | AH12: 195.26 | AI12: 210.55 | AJ12: 193.66183 | AK12: 220.18424 | AL12: 187.16146 | AM12: 188.68793 | AN12: 167.69945 | AO12: 284.06722 | AQ12: 147.88222 | AR12: 210.2888 | AS12: 178.60839 | AT12: 195.3024 | AU12: 198.80779 | AV12: 224.76417 | AW12: 190.4997 | AX12: 269.08928 | AY12: 195.84787 | AZ12: 240.29222 | BA12: 169.90414 | BB12: 198.65383 | BC12: 2419.9408 | BD12: =BD13+BD21+BD37 -> 249.29026 | BE12: =BE13+BE21+BE37 -> 184.85857 | BF12: =BF13+BF21+BF37 -> 189.48823 | BG12: =BG13+BG21+BG37 -> 204.93904 | BH12: =BH13+BH21+BH37 -> 189.7882 | BI12: =BI13+BI21+BI37 -> 186.99602 | BJ12: =BJ13+BJ21+BJ37 -> 267.6293 | BK12: 203.80134 | BL12: 263.40403 | BM12: 215.45701 | BN12: 194.03395 | BO12: 220.4168 | BP12: 2570.1027 | BQ12: =BQ13+BQ21+BQ37 -> 178.49001 | BR12: =BR13+BR21+BR37 -> 257.80661 | BS12: =BS13+BS21+BS37 -> 199.29071 | BT12: =BT13+BT21+BT37 -> 200.43265 | BU12: =BU13+BU21+BU37 -> 228.4517 | BV12: =BV13+BV21+BV37 -> 222.5947 | BW12: =BW13+BW21+BW37 -> 312.03007 | BX12: =BX13+BX21+BX37 -> 222.60744 | ... CB12: =CB13+CB21+CB37 -> 281.71999 | CC12: =SUM(BQ12:CB12) -> 2811.1945 | CD12: =CD13+CD21+CD37 -> 264.33193 | CE12: =CE13+CE21+CE37 -> 201.0514 | CP12: =HLOOKUP($E$2,$BQ$2:$CB$530,ROW()-1,0)-HLOOKUP($E$2,$DA$2:$DL$437,ROW()-1,0) -> #N/A | CQ12: =IFERROR(HLOOKUP($E$2,$BQ$2:$CB$530,ROW()-1,0)/HLOOKUP($E$2,$DA$2:$DL$437,ROW()-1,0),0) -> 0 | CR12: =CE12-CD12 -> -63.280527 | CS12: =CE12-BR12 -> -56.755214 | CU12: =SUM(CD12:CO12) -> 465.38333 | CV12: =CU12-SUM(DA12:DB12) -> 465.38333 | CW12: =IFERROR(CU12/SUM(DA12:DB12),0) -> 0 | CX12: =SUM(CD12:CE12)-SUM(BQ12:BR12) -> 29.0867 | CZ12: =B12 -> 수수료매출(통신) ⓑ | DM12: =SUM(DA12:DL12) -> 0
C13: 정책수수료 | F13: =F14+F15 -> 66.505846 | G13: =G14+G15 -> 61.65532 | H13: =H14+H15 -> 68.598156 | I13: =I14+I15 -> 62.736616 | J13: =J14+J15 -> 71.736811 | K13: =K14+K15 -> 67.407589 | L13: =L14+L15 -> 66.153399 | M13: =M14+M15 -> 73.141149 | ... Q13: =Q14+Q15 -> 65.332407 | R13: 67.759317 | S13: 70.007579 | T13: 62.487498 | U13: 56.436671 | V13: 82.521391 | W13: 96.041539 | X13: 88.505993 | Y13: 106.62665 | Z13: 91.159278 | AA13: 100.95803 | AB13: 83.633351 | AC13: 162.32011 | AD13: =AD14+AD15 -> 67.67705 | AE13: =AE14+AE15 -> 93.341094 | AF13: =AF14+AF15 -> 66.686359 | AG13: =AG14+AG15 -> 96.55179 | AH13: =AH14+AH15 -> 102.01928 | AI13: =AI14+AI15 -> 107.7027 | AJ13: 104.29413 | AK13: 128.80382 | AL13: 91.154754 | AM13: 108.8466 | AN13: 75.910748 | AO13: 198.0971 | AQ13: 39.929752 | AR13: 126.18733 | AS13: 78.487283 | AT13: 106.54675 | AU13: 107.44778 | AV13: 126.97077 | AW13: 94.720605 | AX13: 176.59734 | AY13: 99.013855 | AZ13: 146.00524 | BA13: 80.487954 | BB13: 105.05089 | BC13: 1287.4455 | BD13: =BD14+BD15 -> 149.15128 | BE13: =BE14+BE15 -> 88.394005 | BF13: =BF14+BF15 -> 98.747063 | BG13: =BG14+BG15 -> 104.10232 | BH13: =BH14+BH15 -> 98.473285 | BI13: =BI14+BI15 -> 90.230886 | BJ13: =BJ14+BJ15 -> 167.22273 | BK13: =BK14+BK15 -> 100.31821 | ... BN13: =BN14+BN15 -> 91.538161 | BO13: 113.04965 | BP13: 1379.1252 | BQ13: =BQ14+BQ15 -> 95.784424 | BR13: =BR14+BR15 -> 166.62482 | BS13: =BS14+BS15 -> 110.26219 | BT13: =BT14+BT15 -> 103.99978 | BU13: =BU14+BU15 -> 141.27507 | BV13: =BV14+BV15 -> 121.71604 | BW13: =BW14+BW15 -> 222.07762 | BX13: =BX14+BX15 -> 134.99656 | ... CB13: =CB14+CB15 -> 183.7316 | CC13: =SUM(BQ13:CB13) -> 1729.0321 | CD13: =CD14+CD15 -> 177.21647 | CE13: =CE14+CE15 -> 114.39849 | CP13: =HLOOKUP($E$2,$BQ$2:$CB$530,ROW()-1,0)-HLOOKUP($E$2,$DA$2:$DL$437,ROW()-1,0) -> #N/A | CQ13: =IFERROR(HLOOKUP($E$2,$BQ$2:$CB$530,ROW()-1,0)/HLOOKUP($E$2,$DA$2:$DL$437,ROW()-1,0),0) -> 0 | CR13: =CE13-CD13 -> -62.817979 | CS13: =CE13-BR13 -> -52.226327 | CU13: =SUM(CD13:CO13) -> 291.61496 | CV13: =CU13-SUM(DA13:DB13) -> 291.61496 | CW13: =IFERROR(CU13/SUM(DA13:DB13),0) -> 0 | CX13: =SUM(CD13:CE13)-SUM(BQ13:BR13) -> 29.205717 | CZ13: =C13 -> 정책수수료 | DM13: =SUM(DA13:DL13) -> 0
C14: 유무선 | D14: 무선 | E14: 무선 판매 수수료 | F14: 62.75219 | G14: 62.168843 | H14: 60.703696 | I14: 57.652085 | J14: 71.994799 | K14: 63.717377 | L14: 62.150368 | M14: 68.340835 | N14: 67.181898 | O14: 77.373199 | P14: 100.84694 | Q14: 62.70447 | R14: 61.290173 | S14: 69.716658 | T14: 66.155376 | U14: 53.694534 | V14: 79.413041 | W14: 92.119046 | X14: 86.365993 | Y14: 105.34176 | Z14: 86.918445 | AA14: 95.634805 | AB14: 78.468243 | AC14: 160.86679 | AD14: 63.368882 | AE14: 89.881481 | AF14: 68.727471 | AG14: 91.613518 | AH14: 99.935672 | AI14: 107.0345 | AJ14: 105.11114 | AK14: 123.94395 | AL14: 78.88936 | AM14: 103.79931 | AN14: 76.776728 | AO14: 201.97585 | AQ14: 39.60789 | AR14: 121.51036 | AS14: 77.057831 | AT14: 102.43476 | AU14: 104.80835 | AV14: 127.02526 | AW14: 97.74771 | AX14: 170.64927 | AY14: 104.0049 | AZ14: 145.86148 | BA14: 81.000903 | BB14: 105.20129 | BC14: 1276.91 | BD14: =(14291.505822/100)-BD50 -> 142.52133 | BE14: =(9284.452229/100)-BE50 -> 90.686996 | BF14: =(8770.307297/100)-BF50 -> 87.08772 | BG14: =(9702.226127/100)-BG50 -> 92.756791 | BH14: =86.95162969-BH50 -> 85.287552 | BI14: =77.96328659-BI50 -> 77.151313 | BJ14: =157.8282656-BJ50 -> 156.24824 | BK14: 97.709643 | BL14: 143.05632 | BM14: =120.75488342-BM50 -> 117.21302 | BN14: =100.21921748-BN50 -> 85.758136 | BO14: 106.62769 | BP14: 1282.1047 | BQ14: =94.15998888-BQ50 -> 90.1286 | BR14: =151.65931031-BR50 -> 143.86298 | BS14: =102.7766701-BS50 -> 101.90002 | BT14: =96.94536196-BT50 -> 94.597902 | BU14: =124.46163737-BU50 -> 123.0866 | BV14: =124.27085998-BV50 -> 121.90912 | BW14: =205.26703566-BW50 -> 202.70676 | BX14: =131.93518587-BX50 -> 131.07891 | BY14: =174.5332867-BY50 -> 170.82372 | BZ14: =119.42022718-BZ50 -> 115.48542 | CA14: =(133.48945797)-CA50 -> 131.92252 | CB14: =(16319.165186/100)-CB50 -> 161.46235 | CC14: =SUM(BQ14:CB14) -> 1588.9649 | CD14: =161.33931091-CD50 -> 158.6071 | CE14: =98.35605829-CE50 -> 98.10253 | CP14: =HLOOKUP($E$2,$BQ$2:$CB$530,ROW()-1,0)-HLOOKUP($E$2,$DA$2:$DL$437,ROW()-1,0) -> #N/A | CQ14: =IFERROR(HLOOKUP($E$2,$BQ$2:$CB$530,ROW()-1,0)/HLOOKUP($E$2,$DA$2:$DL$437,ROW()-1,0),0) -> 0 | CR14: =CE14-CD14 -> -60.504573 | CS14: =CE14-BR14 -> -45.760446 | CU14: =SUM(CD14:CO14) -> 256.70963 | CV14: =CU14-SUM(DA14:DB14) -> 256.70963 | CW14: =IFERROR(CU14/SUM(DA14:DB14),0) -> 0 | CX14: =SUM(CD14:CE14)-SUM(BQ14:BR14) -> 22.718057 | CZ14: =D14 -> 무선 | DM14: =SUM(DA14:DL14) -> 0
D15: 유선 | E15: 유선 판매 수수료 | F15: 3.7536557 | G15: -0.51352352 | H15: 7.8944597 | I15: 5.0845308 | J15: -0.25798884 | K15: 3.6902117 | L15: 4.003031 | M15: 4.8003138 | N15: 2.7976966 | O15: 4.996032 | P15: 2.6744399 | Q15: 2.6279369 | R15: 6.4691447 | S15: 0.29092113 | T15: -3.6678775 | U15: 2.7421374 | V15: 3.1083499 | W15: 3.9224924 | X15: 2.1399998 | Y15: 1.2848809 | Z15: 4.2408331 | AA15: 5.323225 | AB15: 5.1651081 | AC15: 1.453318 | AD15: 4.308168 | AE15: 3.4596139 | AF15: -2.0411117 | AG15: 4.9382714 | AH15: 2.083613 | AI15: 0.66819369 | AJ15: -0.81701071 | AK15: 4.8598722 | AL15: 12.265394 | AM15: 5.0472908 | AN15: -0.86598039 | AO15: -3.8787438 | AQ15: 0.32186282 | AR15: 4.6769718 | AS15: 1.4294523 | AT15: 4.1119909 | AU15: 2.6394275 | AV15: -0.05449167 | AW15: -3.0271059 | AX15: 5.9480626 | AY15: -4.9910422 | AZ15: 0.14376036 | BA15: -0.51294951 | BB15: -0.15039681 | BC15: 10.535542 | BD15: 6.6299536 | BE15: -2.2929907 | BF15: 11.659343 | BG15: 11.345532 | BH15: 13.185732 | BI15: 13.079573 | BJ15: 10.974492 | BK15: 2.6085677 | BL15: 12.941643 | BM15: =4.68660113 -> 4.6866011 | BN15: 5.7800246 | BO15: 6.4219598 | BP15: 97.020432 | BQ15: 5.6558239 | BR15: 22.761839 | BS15: 8.3621768 | BT15: 9.4018754 | BU15: 18.188465 | BV15: -0.19308902 | BW15: 19.370863 | BX15: 3.9176511 | BY15: 15.108351 | BZ15: 3.9154514 | CA15: 11.308556 | CB15: 22.269248 | CC15: =SUM(BQ15:CB15) -> 140.06721 | CD15: 18.609364 | CE15: 16.295959 | CP15: =HLOOKUP($E$2,$BQ$2:$CB$530,ROW()-1,0)-HLOOKUP($E$2,$DA$2:$DL$437,ROW()-1,0) -> #N/A | CQ15: =IFERROR(HLOOKUP($E$2,$BQ$2:$CB$530,ROW()-1,0)/HLOOKUP($E$2,$DA$2:$DL$437,ROW()-1,0),0) -> 0 | CR15: =CE15-CD15 -> -2.3134058 | CS15: =CE15-BR15 -> -6.4658808 | CU15: =SUM(CD15:CO15) -> 34.905323 | CV15: =CU15-SUM(DA15:DB15) -> 34.905323 | CW15: =IFERROR(CU15/SUM(DA15:DB15),0) -> 0 | CX15: =SUM(CD15:CE15)-SUM(BQ15:BR15) -> 6.4876597 | CZ15: =D15 -> 유선 | DM15: =SUM(DA15:DL15) -> 0
C16: 채널 | D16: 소매 | AQ16: 65.196455 | AR16: 101.14363 | AS16: 83.760335 | AT16: 86.435155 | AU16: 88.062806 | AV16: 86.666751 | AW16: 68.686928 | AX16: 136.5872 | AY16: 53.766598 | AZ16: 99.132962 | BA16: 63.846133 | BB16: 50.376419 | BC16: 983.66137 | BD16: =BD91 -> 119.22844 | BE16: =BE91 -> 76.720495 | BF16: =BF91 -> 78.067282 | BG16: =BG91 -> 76.931196 | BH16: =BH91 -> 76.158188 | BI16: =BI91 -> 74.807018 | BJ16: =BJ91 -> 133.57699 | BK16: =BK91 -> 87.913465 | ... BO16: =BO91 -> 64.713366 | BP16: 1062.1937 | BQ16: 49.550632 | BR16: 135.13312 | BS16: 97.077539 | BT16: 93.319228 | BU16: 120.71904 | BV16: 87.744517 | BW16: 170.4394 | BX16: 100.73824 | BY16: 110.14979 | BZ16: 79.773004 | CA16: 66.225831 | CB16: 63.352057 | CC16: =SUM(BQ16:CB16) -> 1174.2224 | CD16: 89.842143 | CE16: 59.523254 | CR16: =CE16-CD16 -> -30.318889 | CS16: =CE16-BR16 -> -75.609866 | CU16: =SUM(CD16:CO16) -> 149.3654 | CX16: =SUM(CD16:CE16)-SUM(BQ16:BR16) -> -35.318355 | CZ16: =D16 -> 소매 | DM16: =SUM(DA16:DL16) -> 0
D17: 도매 | AQ17: 79.726588 | AR17: 101.15129 | AS17: 75.106436 | AT17: 81.720367 | AU17: 74.699835 | AV17: 71.695196 | AW17: 88.783247 | AX17: 121.17301 | AY17: 87.086654 | AZ17: 95.300378 | BA17: 75.28841 | BB17: 64.490088 | BC17: 1016.2215 | BD17: =BD112 -> 93.681877 | BE17: =BE112 -> 62.089301 | BF17: =BF112 -> 49.030872 | BG17: =BG112 -> 51.625609 | BH17: =BH112 -> 47.577182 | BI17: =BI112 -> 47.880171 | BJ17: =BJ112 -> 50.827455 | BK17: =BK112 -> 30.005934 | ... BO17: =BO112 -> 7.2124588 | BP17: 475.92214 | BQ17: 1.8922512 | BR17: 2.4818942 | BS17: 0.70588278 | BT17: 3.8676704 | BU17: 0.20809046 | BV17: 0.95145149 | BW17: 1.1885326 | BX17: 0.66414166 | BY17: 2.6811764 | BZ17: -1.4387479 | CA17: 0.55627283 | CB17: 0.80422348 | CC17: =SUM(BQ17:CB17) -> 14.56284 | CD17: 1.1673652 | CE17: 0.88786531 | CR17: =CE17-CD17 -> -0.27949987 | CS17: =CE17-BR17 -> -1.5940289 | CU17: =SUM(CD17:CO17) -> 2.0552305 | CX17: =SUM(CD17:CE17)-SUM(BQ17:BR17) -> -2.3189149 | CZ17: =D17 -> 도매 | DM17: =SUM(DA17:DL17) -> 0
D18: 디지털 | AQ18: 2.2492078 | AR18: 15.326399 | AS18: 9.9789229 | AT18: 8.0602549 | AU18: 10.574179 | AV18: 11.279598 | AW18: 9.417566 | AX18: 22.97286 | AY18: 2.5173947 | AZ18: 20.538734 | BA18: 10.856837 | BB18: 10.036641 | BC18: 133.80859 | BD18: =BD160 -> 15.268876 | BE18: =BE160 -> 9.5661362 | BF18: =BF160 -> 13.166033 | BG18: =BG160 -> 13.427009 | BH18: =BH160 -> 18.838185 | BI18: =BI160 -> 11.711347 | BJ18: =BJ160 -> 18.233952 | BK18: =BK160 -> 13.102901 | ... BO18: =BO160 -> 11.927291 | BP18: 188.32789 | BQ18: 24.53915 | BR18: 24.976993 | BS18: 8.5582728 | BT18: 10.236852 | BU18: 13.668366 | BV18: 22.241117 | BW18: 45.687561 | BX18: 35.560174 | BY18: 53.929139 | BZ18: 45.383742 | CA18: 37.088443 | CB18: 42.187589 | CC18: =SUM(BQ18:CB18) -> 364.0574 | CD18: 53.249711 | CE18: 34.354444 | CR18: =CE18-CD18 -> -18.895268 | CS18: =CE18-BR18 -> 9.3774504 | CU18: =SUM(CD18:CO18) -> 87.604155 | CX18: =SUM(CD18:CE18)-SUM(BQ18:BR18) -> 38.088012 | CZ18: =D18 -> 디지털 | DM18: =SUM(DA18:DL18) -> 0
C19: 신사업 제외 | D19: 기타 | E19: B2B, 대형마트, 소상공인(25년~) | AQ19: -14.95239 | AR19: 20.654254 | AS19: 6.5305215 | AT19: 23.230123 | AU19: 26.516638 | AV19: 49.049275 | AW19: 29.098264 | AX19: 40.529453 | AY19: 51.771138 | AZ19: 44.569634 | BA19: 27.532634 | BB19: 58.175623 | BC19: 362.70517 | BD19: 11.685522 | BE19: 5.1762131 | BF19: 8.9916792 | BG19: 13.135548 | BH19: 10.677747 | BI19: 10.078795 | BJ19: 35.617728 | BK19: 14.76793 | BL19: 32.623446 | BM19: 30.549017 | BN19: 19.268505 | BO19: 20.268505 | BP19: 212.84063 | BQ19: 18.417866 | BR19: 28.322453 | BS19: 23.0726 | BT19: 21.997285 | BU19: 29.546987 | BV19: 48.038093 | BW19: 41.151348 | BX19: 31.09945 | BY19: 40.848417 | BZ19: 24.811002 | CA19: 51.910727 | CB19: 35.002715 | CC19: =SUM(BQ19:CB19) -> 394.21894 | CD19: 37.626064 | CE19: 32.749709 | CR19: =CE19-CD19 -> -4.8763545 | CS19: =CE19-BR19 -> 4.4272565 | CU19: =SUM(CD19:CO19) -> 70.375773 | CX19: =SUM(CD19:CE19)-SUM(BQ19:BR19) -> 23.635454 | CZ19: =D19 -> 기타 | DM19: =SUM(DA19:DL19) -> 0
D20: 순액처리 | AQ20: -92.290107 | AR20: -112.08824 | AS20: -96.888933 | AT20: -92.899153 | AU20: -92.405679 | AV20: -91.720055 | AW20: -101.2654 | AX20: -144.66518 | AY20: -96.127929 | AZ20: -113.53647 | BA20: -97.03606 | BB20: -78.02788 | BC20: -1208.9511 | BD20: =BD13-BD16-BD17-BD18-BD19 -> -90.713432 | BE20: =BE13-BE16-BE17-BE18-BE19 -> -65.15814 | BF20: =BF13-BF16-BF17-BF18-BF19 -> -50.508804 | BG20: =BG13-BG16-BG17-BG18-BG19 -> -51.01704 | BH20: =BH13-BH16-BH17-BH18-BH19 -> -54.778018 | BI20: =BI13-BI16-BI17-BI18-BI19 -> -54.246445 | BJ20: =BJ13-BJ16-BJ17-BJ18-BJ19 -> -71.033397 | BK20: =BK13-BK16-BK17-BK18-BK19 -> -45.47202 | ... BO20: =BO13-BO16-BO17-BO18-BO19 -> 8.928025 | BP20: -560.1592 | BQ20: =BQ13-BQ16-BQ17-BQ18-BQ19 -> 1.3845247 | BR20: =BR13-BR16-BR17-BR18-BR19 -> -24.289645 | BS20: =BS13-BS16-BS17-BS18-BS19 -> -19.1521 | BT20: =BT13-BT16-BT17-BT18-BT19 -> -25.421259 | BU20: =BU13-BU16-BU17-BU18-BU19 -> -22.867412 | BV20: =BV13-BV16-BV17-BV18-BV19 -> -37.259143 | BW20: =BW13-BW16-BW17-BW18-BW19 -> -36.389221 | BX20: =BX13-BX16-BX17-BX18-BX19 -> -33.065445 | ... CB20: =CB13-CB16-CB17-CB18-CB19 -> 42.385013 | CC20: =SUM(BQ20:CB20) -> -218.02947 | CD20: =CD13-CD16-CD17-CD18-CD19 -> -4.6688159 | CE20: =CE13-CE16-CE17-CE18-CE19 -> -13.116784 | CR20: =CE20-CD20 -> -8.4479679 | CS20: =CE20-BR20 -> 11.172861 | CU20: =SUM(CD20:CO20) -> -17.7856 | CX20: =SUM(CD20:CE20)-SUM(BQ20:BR20) -> 5.1195205 | CZ20: =D20 -> 순액처리 | DM20: =SUM(DA20:DL20) -> 0
C21: 관리수수료 | F21: 38.873879 | G21: 40.31233 | H21: 42.252128 | I21: 39.439889 | J21: 43.59426 | K21: 40.877616 | L21: 41.065562 | M21: 44.865416 | N21: 42.496813 | O21: 43.838211 | P21: 40.671535 | Q21: 42.174853 | R21: 41.181559 | S21: 46.179168 | T21: 43.562214 | U21: 52.91949 | V21: 46.568344 | W21: 47.585661 | X21: 46.753641 | Y21: 49.665687 | Z21: 46.422716 | AA21: 49.670652 | AB21: 50.46602 | AC21: 48.955665 | AD21: 50.46 | AE21: 52.316195 | AF21: 52.320335 | AG21: 49.76926 | AH21: 52.548349 | AI21: 52.622964 | AJ21: 54.929105 | AK21: 55.58836 | AL21: 54.052958 | AM21: 45.170608 | AN21: 56.900435 | AO21: 48.675597 | AQ21: 67.035032 | AR21: 50.863376 | AS21: 59.716036 | AT21: 55.567621 | AU21: 58.716059 | AV21: 57.914679 | AW21: 60.555175 | AX21: 58.62319 | AY21: 53.750966 | AZ21: 60.481486 | BA21: 55.964691 | BB21: 61.162647 | BC21: 700.35096 | BD21: 59.825449 | BE21: 58.204345 | BF21: 57.755821 | BG21: 55.445384 | BH21: 55.358037 | BI21: 55.127947 | BJ21: 57.009085 | BK21: 55.188602 | BL21: 53.705683 | BM21: 60.367561 | BN21: 50.24477 | BO21: 67.090589 | BP21: 685.32327 | BQ21: 49.926384 | BR21: 52.970258 | BS21: 49.264715 | BT21: 56.60334 | BU21: 46.224101 | BV21: 59.260522 | BW21: 53.276578 | BX21: 50.293206 | BY21: 52.541221 | BZ21: 44.020952 | CA21: 50.254107 | CB21: 51.007165 | CC21: =SUM(BQ21:CB21) -> 615.64255 | CD21: 49.896065 | CE21: 48.946021 | CP21: =HLOOKUP($E$2,$BQ$2:$CB$530,ROW()-1,0)-HLOOKUP($E$2,$DA$2:$DL$437,ROW()-1,0) -> #N/A | CQ21: =IFERROR(HLOOKUP($E$2,$BQ$2:$CB$530,ROW()-1,0)/HLOOKUP($E$2,$DA$2:$DL$437,ROW()-1,0),0) -> 0 | CR21: =CE21-CD21 -> -0.9500441 | CS21: =CE21-BR21 -> -4.0242364 | CU21: =SUM(CD21:CO21) -> 98.842087 | CV21: =CU21-SUM(DA21:DB21) -> 98.842087 | CW21: =IFERROR(CU21/SUM(DA21:DB21),0) -> 0 | CX21: =SUM(CD21:CE21)-SUM(BQ21:BR21) -> -4.0545552 | CZ21: =C21 -> 관리수수료 | DM21: =SUM(DA21:DL21) -> 0
C22: 유무선 | D22: 무선 | E22: HC 포함 | AD22: =AD25+AD26+AD27 -> 36.428543 | AE22: =AE25+AE26+AE27 -> 38.254324 | AF22: =AF25+AF26+AF27 -> 37.680998 | AG22: =AG25+AG26+AG27 -> 35.35052 | AH22: =AH25+AH26+AH27 -> 37.954123 | AI22: =AI25+AI26+AI27 -> 37.875063 | AJ22: =AJ25+AJ26+AJ27 -> 39.621379 | AK22: =AK25+AK26+AK27 -> 39.924886 | ... AO22: =AO25+AO26+AO27 -> 32.301912 | AQ22: =AQ25+AQ26+AQ27 -> 50.94331 | AR22: =AR25+AR26+AR27 -> 36.288816 | AS22: =AS25+AS26+AS27 -> 43.633407 | AT22: =AT25+AT26+AT27 -> 40.44886 | AU22: =AU25+AU26+AU27 -> 43.2874 | AV22: =AV25+AV26+AV27 -> 42.465738 | AW22: =AW25+AW26+AW27 -> 44.930372 | AX22: =AX25+AX26+AX27 -> 43.320758 | ... CB22: =CB25+CB26+CB27 -> 38.150327 | CC22: =SUM(BQ22:CB22) -> 456.77828 | CD22: =CD25+CD26+CD27 -> 36.605244 | CE22: =CE25+CE26+CE27 -> 35.962808 | CR22: =CE22-CD22 -> -0.64243591 | CS22: =CE22-BR22 -> -2.0611277 | CU22: =SUM(CD22:CO22) -> 72.568051 | CX22: =SUM(CD22:CE22)-SUM(BQ22:BR22) -> -1.0056811 | CZ22: =D22 -> 무선 | DM22: =SUM(DA22:DL22) -> 0
D23: 유선 | AD23: =AD28+AD29+AD30 -> 5.8428892 | AE23: =AE28+AE29+AE30 -> 5.9340303 | AF23: =AF28+AF29+AF30 -> 6.2747439 | AG23: =AG28+AG29+AG30 -> 5.9320031 | AH23: =AH28+AH29+AH30 -> 5.955083 | AI23: =AI28+AI29+AI30 -> 6.0698822 | AJ23: =AJ28+AJ29+AJ30 -> 6.3395445 | AK23: =AK28+AK29+AK30 -> 6.5420082 | ... AO23: =AO28+AO29+AO30 -> 6.7006725 | AQ23: =AQ28+AQ29+AQ30 -> 7.897109 | AR23: =AR28+AR29+AR30 -> 6.5027426 | AS23: =AW28+AW29+AW30 -> 7.8168192 | AT23: =AT28+AT29+AT30 -> 7.273413 | AU23: =AU28+AU29+AU30 -> 7.2877746 | AV23: =AV28+AV29+AV30 -> 7.2841512 | AW23: =AW28+AW29+AW30 -> 7.8168192 | AX23: =AX28+AX29+AX30 -> 7.473016 | AY23: =AY28+AY29+AY30 -> 7.3596236 | AZ23: =AZ28+AZ29+AZ30 -> 7.629591 | BA23: =BA28+BA29+BA30 -> 7.5977578 | ... BO23: =BO28+BO29+BO30 -> 6.5815449 | BP23: 82.572907 | BQ23: 5.8569293 | BR23: 6.3086738 | BS23: 6.4937648 | BT23: 5.7726904 | BU23: 5.6720753 | BV23: 5.5931315 | BW23: 6.1463116 | BX23: 5.4555209 | BY23: 5.3701456 | BZ23: 5.3701456 | CA23: 5.1315711 | CB23: 5.1079653 | CC23: =SUM(BQ23:CB23) -> 68.278925 | CD23: 5.4769687 | CE23: 4.7650012 | CR23: =CE23-CD23 -> -0.71196747 | CS23: =CE23-BR23 -> -1.5436726 | CU23: =SUM(CD23:CO23) -> 10.24197 | CX23: =SUM(CD23:CE23)-SUM(BQ23:BR23) -> -1.9236332 | CZ23: =D23 -> 유선 | DM23: =SUM(DA23:DL23) -> 0
D24: 기타 | AD24: =AD31+AD32 -> 8.1885679 | AE24: =AE31+AE32 -> 8.1278404 | AF24: =AF31+AF32 -> 8.3645933 | AG24: =AG31+AG32 -> 8.4867369 | AH24: =AH31+AH32 -> 8.639143 | AI24: =AI31+AI32 -> 8.6780193 | AJ24: =AJ31+AJ32 -> 8.9681813 | AK24: =AK31+AK32 -> 9.1214657 | ... AO24: =AO31+AO32 -> 9.673012 | AQ24: =AQ31+AQ32 -> 8.1946132 | AR24: =AR31+AR32 -> 8.0718169 | AS24: =AW31+AW32 -> 7.8079841 | AT24: =AT31+AT32 -> 7.8453479 | AU24: =AU31+AU32 -> 8.1408839 | AV24: =AV31+AV32 -> 8.1647907 | AW24: =AW31+AW32 -> 7.8079841 | AX24: =AX31+AX32 -> 7.8294168 | AY24: =AY31+AY32 -> 7.5565453 | AZ24: =AZ31+AZ32 -> 8.0914166 | BA24: =BA31+BA32 -> 7.4629354 | ... BO24: =BO31+BO32 -> 8.5513519 | BP24: 97.76817 | BQ24: 8.5196579 | BR24: 8.6376484 | BS24: 8.0580981 | BT24: 8.2404921 | BU24: 8.3206333 | BV24: 8.5316987 | BW24: 8.1809291 | BX24: 7.390768 | BY24: 8.3003862 | BZ24: 0.89766773 | CA24: 7.7584867 | CB24: 7.7488725 | CC24: =SUM(BQ24:CB24) -> 90.585339 | CD24: 7.8138531 | CE24: 8.2182123 | CR24: =CE24-CD24 -> 0.40435928 | CS24: =CE24-BR24 -> -0.41943601 | CU24: =SUM(CD24:CO24) -> 16.032065 | CX24: =SUM(CD24:CE24)-SUM(BQ24:BR24) -> -1.1252409 | CZ24: =D24 -> 기타 | DM24: =SUM(DA24:DL24) -> 0
C25: 항목별 | D25: 무선후불 | E25: 관리수수료(6.5%)+H/C(2%) | F25: =F21-F26-F27-F28-F29-F30-F31-F32 -> 25.474384 | G25: =G21-G26-G27-G28-G29-G30-G31-G32 -> 27.31858 | H25: =H21-H26-H27-H28-H29-H30-H31-H32 -> 29.295902 | I25: =I21-I26-I27-I28-I29-I30-I31-I32 -> 27.008509 | J25: =J21-J26-J27-J28-J29-J30-J31-J32 -> 29.267277 | K25: =K21-K26-K27-K28-K29-K30-K31-K32 -> 26.679873 | L25: =L21-L26-L27-L28-L29-L30-L31-L32 -> 25.865263 | M25: =M21-M26-M27-M28-M29-M30-M31-M32 -> 28.419974 | ... AO25: =AO21-AO26-AO27-AO28-AO29-AO30-AO31-AO32 -> 29.312466 | AQ25: =AQ21-AQ26-AQ27-AQ28-AQ29-AQ30-AQ31-AQ32 -> 47.720433 | AR25: =AR21-AR26-AR27-AR28-AR29-AR30-AR31-AR32 -> 33.072378 | AS25: =AS21-AS26-AS27-AS28-AS29-AS30-AS31-AS32 -> 40.489843 | AT25: =AT21-AT26-AT27-AT28-AT29-AT30-AT31-AT32 -> 37.308588 | AU25: =AU21-AU26-AU27-AU28-AU29-AU30-AU31-AU32 -> 40.195821 | AV25: =AV21-AV26-AV27-AV28-AV29-AV30-AV31-AV32 -> 39.381576 | AW25: =AW21-AW26-AW27-AW28-AW29-AW30-AW31-AW32 -> 41.855624 | AX25: =AX21-AX26-AX27-AX28-AX29-AX30-AX31-AX32 -> 40.258551 | ... CB25: =CB21-CB26-CB27-CB28-CB29-CB30-CB31-CB32 -> 34.896666 | CC25: =SUM(BQ25:CB25) -> 417.986 | CD25: =CD21-CD26-CD27-CD28-CD29-CD30-CD31-CD32 -> 33.415786 | CE25: =CE21-CE26-CE27-CE28-CE29-CE30-CE31-CE32 -> 32.849454 | CR25: =CE25-CD25 -> -0.56633186 | CS25: =CE25-BR25 -> -1.9953178 | CU25: =SUM(CD25:CO25) -> 66.26524 | CX25: =SUM(CD25:CE25)-SUM(BQ25:BR25) -> -0.9664237 | CZ25: =D25 -> 무선후불 | DM25: =SUM(DA25:DL25) -> 0
D26: 2nd 등 기타단말 | E26: PAD, wearable 등 | F26: 1.8591971 | G26: 1.816954 | H26: 1.7545704 | I26: 1.6970742 | J26: 1.6522099 | K26: 1.6173927 | L26: 1.571833 | M26: 1.5565831 | N26: 1.5211876 | O26: 1.4865385 | P26: 1.407586 | Q26: 1.3166523 | R26: 1.3896909 | S26: 1.3358012 | T26: 1.3284744 | U26: 1.3292354 | V26: 1.2939248 | W26: 1.2629758 | X26: 1.2569758 | Y26: 1.2565529 | Z26: 1.258234 | AA26: 1.2655713 | AB26: 1.2370029 | AC26: 1.2647144 | AD26: 0.99218877 | AE26: 1.0342916 | AF26: 1.0559027 | AG26: 1.0725137 | AH26: 1.0878433 | AI26: 1.1060234 | AJ26: 1.3026812 | AK26: 1.3284586 | AL26: 1.3594351 | AM26: 1.3493945 | AN26: 1.3250953 | AO26: 1.3736389 | AQ26: 1.7 | AR26: 1.683 | AS26: 1.66617 | AT26: 1.6495083 | AU26: 1.6330132 | AV26: 1.6166831 | AW26: 1.6005163 | AX26: 1.5845111 | AY26: 1.568666 | AZ26: 1.5529793 | BA26: 1.5374495 | BB26: 1.522075 | BC26: 19.314572 | BD26: 1.62 | BE26: 1.59 | BF26: 1.58 | BG26: 1.57 | BH26: 1.5 | BI26: 1.4897 | BJ26: 1.409426 | BK26: 1.4074729 | BL26: 1.4052531 | BM26: 1.3966002 | BN26: 1.4064342 | BO26: 1.420446 | BP26: 17.795332 | BQ26: 1.4180424 | BR26: 1.4337838 | BS26: 1.4274744 | BT26: 1.5287669 | BU26: 1.5329222 | BV26: 1.4180424 | BW26: 1.518616 | BX26: 1.518616 | BY26: 1.5016433 | BZ26: 1.5257768 | CA26: 1.4983585 | CB26: 1.5105706 | CC26: =SUM(BQ26:CB26) -> 17.832613 | CD26: 1.5242187 | CE26: 1.4968763 | CR26: =CE26-CD26 -> -0.027342449 | CS26: =CE26-BR26 -> 0.063092505 | CU26: =SUM(CD26:CO26) -> 3.021095 | CX26: =SUM(CD26:CE26)-SUM(BQ26:BR26) -> 0.16926879 | CZ26: =D26 -> 2nd 등 기타단말 | DM26: =SUM(DA26:DL26) -> 0
D27: IoT | E27: M2M 가입자 | F27: 2.0496658 | G27: 1.8883216 | H27: 1.8591888 | I27: 1.8411988 | J27: 1.8375549 | K27: 1.8341818 | L27: 2.9678199 | M27: 1.8542415 | N27: 1.8644706 | O27: 1.8599187 | P27: 1.8170062 | Q27: 1.8180759 | R27: 1.7818135 | S27: 1.7777955 | T27: 1.7867735 | U27: 1.8048432 | V27: 1.8329662 | W27: 1.8329405 | X27: 1.8624729 | Y27: 1.871475 | Z27: 1.8474246 | AA27: 1.8373948 | AB27: 1.7821269 | AC27: 1.8303571 | AD27: 1.9709267 | AE27: 1.9508069 | AF27: 1.9047488 | AG27: 1.8758445 | AH27: 1.8655475 | AI27: 1.829179 | AJ27: 1.7629149 | AK27: 1.7505885 | AL27: 1.7479841 | AM27: 1.709823 | AN27: 1.6316963 | AO27: 1.615807 | AQ27: 1.522877 | AR27: 1.5334383 | AS27: 1.4773935 | AT27: 1.490764 | AU27: 1.458566 | AV27: 1.4674783 | AW27: 1.4742315 | AX27: 1.4776952 | AY27: 1.482604 | AZ27: 1.4977765 | BA27: 1.5123922 | BB27: 1.5158645 | BC27: 17.911081 | BD27: 1.8011075 | BE27: 1.7306893 | BF27: 1.7301623 | BG27: 1.6455278 | BH27: 1.7 | BI27: 1.7 | BJ27: 1.7411652 | BK27: 1.7043583 | BL27: 1.7339789 | BM27: 1.7348237 | BN27: 1.7119061 | BO27: 1.7274594 | BP27: 20.661178 | BQ27: 1.7448628 | BR27: 1.7453801 | BS27: 1.7273761 | BT27: 1.7503189 | BU27: 1.781016 | BV27: 1.7448628 | BW27: 1.7448628 | BX27: 1.7448628 | BY27: 1.7315591 | BZ27: 1.7583899 | CA27: 1.7430904 | CB27: 1.7430904 | CC27: =SUM(BQ27:CB27) -> 20.959672 | CD27: 1.6652392 | CE27: 1.6164776 | CR27: =CE27-CD27 -> -0.048761598 | CS27: =CE27-BR27 -> -0.12890249 | CU27: =SUM(CD27:CO27) -> 3.2817167 | CX27: =SUM(CD27:CE27)-SUM(BQ27:BR27) -> -0.20852616 | CZ27: =D27 -> IoT | DM27: =SUM(DA27:DL27) -> 0
D28: 인터넷 | F28: 2.8319186 | G28: 2.7747745 | H28: 2.8072121 | I28: 2.7751741 | J28: 3.706454 | K28: 3.7107708 | L28: 3.6954438 | M28: 3.690662 | N28: 3.6973195 | O28: 3.7111818 | P28: 3.71572 | Q28: 3.7363343 | R28: 3.723996 | S28: 3.6172211 | T28: 3.8684581 | U28: 3.7628205 | V28: 3.7835796 | W28: 3.9136495 | X28: 3.8884717 | Y28: 4.0009168 | Z28: 3.9628551 | AA28: 4.0118373 | AB28: 4.0941512 | AC28: 3.8918233 | AD28: 4.083606 | AE28: 4.1496892 | AF28: 4.460777 | AG28: 4.1496892 | AH28: 4.1548569 | AI28: 4.2358684 | AJ28: 4.2799415 | AK28: 4.404908 | AL28: 4.378567 | AM28: 4.418348 | AN28: 4.4847528 | AO28: 4.485517 | AQ28: 5.034111 | AR28: 4.2332796 | AS28: 4.9166244 | AT28: 4.5693362 | AU28: 4.5908375 | AV28: 4.5822825 | AW28: 4.9184787 | AX28: 4.6786445 | AY28: 4.6044434 | AZ28: 4.7734635 | BA28: 4.7316571 | BB28: 5.0583823 | BC28: 56.691541 | BD28: 4.8145571 | BE28: 4.7889017 | BF28: 4.8234308 | BG28: 4.7762958 | BH28: 4.6528247 | BI28: 4.5738334 | BJ28: 4.5105966 | BK28: 4.3819245 | BL28: 4.3197047 | BM28: 4.875229 | BN28: 4.1325229 | BO28: 4.2814633 | BP28: 54.931285 | BQ28: 3.8039285 | BR28: 4.1171956 | BS28: 4.3993616 | BT28: 3.7391066 | BU28: 3.6557821 | BV28: 3.5924523 | BW28: 3.8894032 | BX28: 3.4551303 | BY28: 3.3829425 | BZ28: 3.3829425 | CA28: 3.1911022 | CB28: 3.1645737 | CC28: =SUM(BQ28:CB28) -> 43.773921 | CD28: 3.3585185 | CE28: 2.9137028 | CR28: =CE28-CD28 -> -0.44481573 | CS28: =CE28-BR28 -> -1.2034928 | CU28: =SUM(CD28:CO28) -> 6.2722214 | CX28: =SUM(CD28:CE28)-SUM(BQ28:BR28) -> -1.6489027 | CZ28: =D28 -> 인터넷 | DM28: =SUM(DA28:DL28) -> 0
D29: TV | F29: 1.1862099 | G29: 1.1716489 | H29: 1.1478352 | I29: 1.1099225 | J29: 1.8486406 | K29: 1.8199535 | L29: 1.8135665 | M29: 1.7916102 | N29: 1.7797416 | O29: 1.7558139 | P29: 1.7228359 | Q29: 1.7046977 | R29: 1.6832073 | S29: 1.6089168 | T29: 1.6991037 | U29: 1.6112272 | V29: 1.5743054 | W29: 1.5836085 | X29: 1.5427434 | Y29: 1.5822535 | Z29: 1.5518969 | AA29: 1.7180076 | AB29: 2.8612784 | AC29: 1.7501655 | AD29: 1.7327599 | AE29: 1.7578673 | AF29: 1.784618 | AG29: 1.7578673 | AH29: 1.7712138 | AI29: 1.8049612 | AJ29: 2.0319553 | AK29: 2.1079584 | AL29: 2.0922693 | AM29: 2.1288883 | AN29: 2.1728997 | AO29: 2.1858508 | AQ29: 1.9871371 | AR29: 2.190501 | AS29: 1.6563014 | AT29: 2.3826345 | AU29: 2.0444983 | AV29: 2.0659987 | AW29: 2.0694204 | AX29: 2.2355181 | AY29: 2.1392998 | AZ29: 2.1141679 | BA29: 2.1989009 | BB29: 2.2006524 | BC29: 25.285031 | BD29: 2.3898515 | BE29: 2.2623745 | BF29: 2.2457272 | BG29: 2.2506791 | BH29: 2.2239743 | BI29: 2.1981428 | BJ29: 2.2025614 | BK29: 2.1641347 | BL29: 2.1498161 | BM29: 2.4963488 | BN29: 2.0994083 | BO29: 2.2071336 | BP29: 26.890152 | BQ29: 1.9646245 | BR29: 2.1139593 | BS29: 2.0006825 | BT29: 1.944559 | BU29: 1.9207854 | BV29: 1.9006985 | BW29: 2.1088226 | BX29: 1.8780528 | BY29: 1.8569471 | BZ29: 1.8569471 | CA29: 1.7957805 | CB29: 1.7909318 | CC29: =SUM(BQ29:CB29) -> 23.132791 | CD29: 1.9274905 | CE29: 1.6843155 | CR29: =CE29-CD29 -> -0.243175 | CS29: =CE29-BR29 -> -0.42964382 | CU29: =SUM(CD29:CO29) -> 3.6118059 | CX29: =SUM(CD29:CE29)-SUM(BQ29:BR29) -> -0.46677782 | CZ29: =D29 -> TV | DM29: =SUM(DA29:DL29) -> 0
D30: 유선기타 | E30: SOIP, 기가아이즈, PSTN 등 | F30: 0.021736055 | G30: 0.019277773 | H30: 0.020036682 | I30: 0.019458718 | J30: 0.023965373 | K30: 0.024830073 | L30: 0.025184418 | M30: 0.0249364 | N30: 0.024402055 | O30: 0.024128964 | P30: 0.023571536 | Q30: 0.024561455 | R30: 0.024099191 | S30: 0.024071755 | T30: 0.025913791 | U30: 0.026022091 | V30: 0.025299127 | W30: 0.025760082 | X30: 0.025516845 | Y30: 0.026451918 | Z30: 0.026320573 | AA30: 0.026058482 | AB30: 0.027497736 | AC30: 0.026132264 | AD30: 0.026523327 | AE30: 0.026473855 | AF30: 0.029348909 | AG30: 0.024446636 | AH30: 0.029012309 | AI30: 0.029052609 | AJ30: 0.027647618 | AK30: 0.029141755 | AL30: 0.029215645 | AM30: 0.027559045 | AN30: 0.029438664 | AO30: 0.029304682 | AQ30: 0.87586089 | AR30: 0.078961967 | AS30: 1.3527922 | AT30: 0.32144223 | AU30: 0.6524388 | AV30: 0.63587 | AW30: 0.82892014 | AX30: 0.55885345 | AY30: 0.61588037 | AZ30: 0.74195955 | BA30: 0.66719982 | BB30: 0.88550425 | BC30: 8.2156837 | BD30: 0.06 | BE30: 0.07 | BF30: 0.07 | BG30: 0.07 | BH30: 0.041914509 | BI30: 0.040797309 | BJ30: 0.047433945 | BK30: 0.050593609 | BL30: 0.056795291 | BM30: 0.083758573 | BN30: 0.067228491 | BO30: 0.092948 | BP30: 0.75146973 | BQ30: 0.08837641 | BR30: 0.0775189 | BS30: 0.093720582 | BT30: 0.089024718 | BU30: 0.095507827 | BV30: 0.099980718 | BW30: 0.14808576 | BX30: 0.12233779 | BY30: 0.13025594 | BZ30: 0.13025594 | CA30: 0.14468845 | CB30: 0.15245973 | CC30: =SUM(BQ30:CB30) -> 1.3722128 | CD30: 0.19095968 | CE30: 0.16698294 | CR30: =CE30-CD30 -> -0.023976745 | CS30: =CE30-BR30 -> 0.089464036 | CU30: =SUM(CD30:CO30) -> 0.35794262 | CX30: =SUM(CD30:CE30)-SUM(BQ30:BR30) -> 0.19204731 | CZ30: =D30 -> 유선기타 | DM30: =SUM(DA30:DL30) -> 0
D31: 매장성수수료 | E31: CS업무처리 수수료 (전사) | F31: 0.75039631 | G31: 0.70240427 | H31: 0.67715014 | I31: 0.71141729 | J31: 0.71719927 | K31: 0.72171653 | L31: 0.72252894 | M31: 0.67832363 | N31: 0.68035809 | O31: 0.65314772 | P31: 0.63587112 | Q31: 0.6 | R31: 0.63430848 | S31: 0.69238188 | T31: 0.67038287 | U31: 0.95676457 | V31: 0.59000194 | W31: 0.63244185 | X31: 0.63892992 | Y31: 0.62649979 | Z31: 0.59313703 | AA31: 0.59049806 | AB31: 0.58983946 | AC31: 0.63162516 | AD31: 0.60857249 | AE31: 0.55560362 | AF31: 0.57832629 | AG31: 0.7640687 | AH31: 0.77330588 | AI31: 0.75535164 | AJ31: 0.76877136 | AK31: 0.77995281 | AL31: 0.73066151 | AM31: 0.72061025 | AN31: 0.72683316 | AO31: 0.84091363 | AQ31: 0.69246336 | AR31: 0.73521294 | AS31: 0.74165735 | AT31: 0.6494656 | AU31: 0.6837346 | AV31: 0.70764137 | AW31: 0.71303571 | AX31: 0.75867725 | AY31: 0.63747106 | AZ31: 0.7163787 | BA31: 0.68336764 | BB31: 0.62569349 | BC31: 8.3447991 | BD31: 0.69062104 | BE31: 0.67475181 | BF31: 0.65596743 | BG31: 0.66106861 | BH31: 0.66754688 | BI31: 0.64455618 | BJ31: 0.709512 | BK31: 0.7051672 | BL31: 0.62985633 | BM31: 0.65229932 | BN31: 0.63941378 | BO31: 0.61422585 | BP31: 7.9449864 | BQ31: 0.58253187 | BR31: 0.66603878 | BS31: 0.63645968 | BT31: 0.59906741 | BU31: 0.69777633 | BV31: 0.75951674 | BW31: 0.68965745 | BX31: 0.71409785 | BY31: 1.3731128 | BZ31: 0.67433715 | CA31: 0.88575874 | CB31: 0.90341731 | CC31: =SUM(BQ31:CB31) -> 9.1817721 | CD31: 0.94112511 | CE31: 1.3182117 | CR31: =CE31-CD31 -> 0.37708655 | CS31: =CE31-BR31 -> 0.65217288 | CU31: =SUM(CD31:CO31) -> 2.2593368 | CX31: =SUM(CD31:CE31)-SUM(BQ31:BR31) -> 1.0107661 | CZ31: =D31 -> 매장성수수료 | DM31: =SUM(DA31:DL31) -> 0
D32: 프라자3.0 | E32: 플라자 인건비 지원 | F32: 4.7003716 | G32: 4.6203696 | H32: 4.6902329 | I32: 4.2771339 | J32: 4.5409584 | K32: 4.4688985 | L32: 4.4039226 | M32: 6.849085 | N32: 6.8222369 | O32: 6.917735 | P32: 6.7416823 | Q32: 6.8 | R32: 6.7307911 | S32: 6.5015509 | T32: 7.1817082 | U32: 6.904587 | V32: 6.9987256 | W32: 7.0713477 | X32: 7.0893753 | Y32: 7.3131808 | Z32: 7.1419121 | AA32: 7.3263247 | AB32: 5.9666941 | AC32: 7.5175297 | AD32: 7.5799954 | AE32: 7.5722368 | AF32: 7.786267 | AG32: 7.7226682 | AH32: 7.8658372 | AI32: 7.9226677 | AJ32: 8.1994099 | AK32: 8.3415128 | AL32: 8.2962255 | AM32: 8.7071392 | AN32: 7.1787305 | AO32: 8.8320983 | AQ32: 7.5021498 | AR32: 7.336604 | AS32: 7.4152542 | AT32: 7.1958823 | AU32: 7.4571493 | AV32: 7.4571493 | AW32: 7.0949484 | AX32: 7.0707396 | AY32: 6.9190743 | AZ32: 7.3750379 | BA32: 6.7795678 | BB32: 6.9597472 | BC32: 86.563304 | BD32: 6.942412 | BE32: 7.3289995 | BF32: 7.3490695 | BG32: 7.3918177 | BH32: 7.3868889 | BI32: 7.3146808 | BJ32: 7.6354255 | BK32: 7.4 | BL32: 7.6538857 | BM32: 7.8686388 | BN32: 7.6142395 | BO32: 7.937126 | BP32: 89.823184 | BQ32: 7.937126 | BR32: 7.9716096 | BS32: 7.4216384 | BT32: 7.6414247 | BU32: 7.622857 | BV32: 7.772182 | BW32: 7.4912717 | BX32: 6.6766701 | BY32: 6.9272734 | BZ32: 0.22333058 | CA32: 6.872728 | CB32: 6.8454552 | CC32: =SUM(BQ32:CB32) -> 81.403567 | CD32: 6.872728 | CE32: 6.9000007 | CR32: =CE32-CD32 -> 0.02727273 | CS32: =CE32-BR32 -> -1.0716089 | CU32: =SUM(CD32:CO32) -> 13.772729 | CX32: =SUM(CD32:CE32)-SUM(BQ32:BR32) -> -2.136007 | CZ32: =D32 -> 프라자3.0 | DM32: =SUM(DA32:DL32) -> 0
C33: 채널 | D33: 소매 | E33: 관리수수료(점프업 제외)+매장성 수수료 | AQ33: =AQ108+AQ31 -> 24.157487 | AR33: =AR108+AR31 -> 25.568396 | AS33: =AW108+AW31 -> 26.877775 | AT33: =AT108+AT31 -> 25.876094 | AU33: =AU108+AU31 -> 26.402349 | AV33: =AV108+AV31 -> 25.66123 | AW33: =AW108+AW31 -> 26.877775 | AX33: =AX108+AX31 -> 27.447559 | AY33: =AY108+AY31 -> 27.124463 | AZ33: =AZ108+AZ31 -> 27.995904 | BA33: =BA108+BA31 -> 27.797599 | BB33: 27.376673 | BC33: =SUM(AQ33:BB33) -> 319.1633 | BD33: =BD108+BD31 -> 27.734044 | BE33: =BE108+BE31 -> 28.118391 | BF33: =BF108+BF31 -> 27.531078 | BG33: =BG108+BG31 -> 27.795424 | BH33: =BH108+BH31 -> 27.498892 | BI33: =BI108+BI31 -> 27.729111 | BJ33: =BJ108+BJ31 -> 27.66494 | BK33: =BK108+BK31 -> 27.504844 | ... BO33: =BO108+BO31 -> 26.608954 | BP33: 322.02978 | BQ33: 24.447654 | BR33: 25.343579 | BS33: =BS108+BS99 -> 25.657675 | BT33: =BT108+BT99 -> 24.383282 | BU33: =BU108+BU99 -> 24.2331 | BV33: =BV108+BV99 -> 24.855322 | BW33: =BW108+BW99 -> 26.207975 | BX33: 24.532888 | BY33: 24.691904 | BZ33: 24.472205 | CA33: 24.593803 | CB33: 24.545371 | CC33: =SUM(BQ33:CB33) -> 297.96476 | CD33: 24.125426 | CE33: 23.555414 | CR33: =CE33-CD33 -> -0.57001232 | CS33: =CE33-BR33 -> -1.7881651 | CU33: =SUM(CD33:CO33) -> 47.68084 | CX33: =SUM(CD33:CE33)-SUM(BQ33:BR33) -> -2.1103932 | CZ33: =D33 -> 소매 | DM33: =SUM(DA33:DL33) -> 0
D34: 도매 | AQ34: 14.614718 | AR34: 14.209056 | AS34: 14.780466 | AT34: 14.649513 | AU34: 14.581836 | AV34: 14.243939 | AW34: 14.415164 | AX34: 14.217451 | AY34: 13.834609 | AZ34: 13.867734 | BA34: 13.545669 | BB34: 13.416322 | BC34: =SUM(AQ34:BB34) -> 170.37648 | BD34: =BD126 -> 13.062489 | BE34: =BE126 -> 12.592116 | BF34: =BF126 -> 12.39713 | BG34: =BG126 -> 12.070754 | BH34: =BH126 -> 11.645301 | BI34: =BI126 -> 11.270599 | BJ34: =BJ126 -> 11.114055 | BK34: =BK126 -> 10.797321 | ... BO34: =BO126 -> 9.6256768 | BP34: 135.42187 | BQ34: 9.0666553 | BR34: 9.0830929 | BS34: 8.5529126 | BT34: 8.0079655 | BU34: 7.6013216 | BV34: 11.278029 | BW34: 9.470221 | BX34: 9.1587075 | BY34: 9.0471217 | BZ34: 8.9171925 | CA34: 8.8098992 | CB34: 8.7081341 | CC34: =SUM(BQ34:CB34) -> 107.70125 | CD34: 8.5817413 | CE34: 8.5817413 | CR34: =CE34-CD34 -> 0 | CS34: =CE34-BR34 -> -0.50135167 | CU34: =SUM(CD34:CO34) -> 17.163483 | CX34: =SUM(CD34:CE34)-SUM(BQ34:BR34) -> -0.98626573 | CZ34: =D34 -> 도매 | DM34: =SUM(DA34:DL34) -> 0
D35: 디지털 | AQ35: 5.7071177 | AR35: 5.7489088 | AS35: 5.8226918 | AT35: 5.7612518 | AU35: 5.7821658 | AV35: 5.5630937 | AW35: 5.8880174 | AX35: 5.9146264 | AY35: 5.889442 | AZ35: 5.9852159 | BA35: 5.9909113 | BB35: 6.0235368 | BC35: =SUM(AQ35:BB35) -> 70.076979 | BD35: =BD161 -> 5.9703263 | BE35: =BE161 -> 5.6551406 | BF35: =BF161 -> 5.8670983 | BG35: =BG161 -> 5.8223609 | BH35: =BH161 -> 5.7668648 | BI35: =BI161 -> 5.7274192 | BJ35: =BJ161 -> 5.7640096 | BK35: =BK161 -> 5.7255819 | ... BO35: =BO161 -> 5.4971772 | BP35: 68.735845 | BQ35: 5.2481266 | BR35: 5.3671954 | BS35: 5.1954726 | BT35: 5.066248 | BU35: 4.9718197 | BV35: 5.0249524 | BW35: 5.0402239 | BX35: 5.0574361 | BY35: 4.9543201 | BZ35: 4.8782752 | CA35: 4.6832918 | CB35: 4.6386205 | CC35: =SUM(BQ35:CB35) -> 60.125982 | CD35: 4.5258832 | CE35: 4.9466193 | CR35: =CE35-CD35 -> 0.42073611 | CS35: =CE35-BR35 -> -0.42057609 | CU35: =SUM(CD35:CO35) -> 9.4725025 | CX35: =SUM(CD35:CE35)-SUM(BQ35:BR35) -> -1.1428195 | CZ35: =D35 -> 디지털 | DM35: =SUM(DA35:DL35) -> 0
D36: 기타 | E36: B2B, 대형마트, 지원성 관리수수료, P3.0 등 | AQ36: 23.248172 | AR36: 6.0722279 | AS36: 13.358644 | AT36: 9.9302275 | AU36: 12.633443 | AV36: 13.154058 | AW36: 14.087254 | AX36: 11.802231 | AY36: 7.5399231 | AZ36: 13.349011 | BA36: 9.3138783 | BB36: 14.346115 | BC36: =SUM(AQ36:BB36) -> 148.83519 | BD36: =BD21-BD33-BD34-BD35 -> 13.05859 | BE36: =BE21-BE33-BE34-BE35 -> 11.838697 | BF36: =BF21-BF33-BF34-BF35 -> 11.960515 | BG36: =BG21-BG33-BG34-BG35 -> 9.7568455 | BH36: =BH21-BH33-BH34-BH35 -> 10.446979 | BI36: =BI21-BI33-BI34-BI35 -> 10.400818 | BJ36: =BJ21-BJ33-BJ34-BJ35 -> 12.466081 | BK36: =BK21-BK33-BK34-BK35 -> 11.160855 | ... BO36: =BO21-BO33-BO34-BO35 -> 25.358781 | BP36: 159.13578 | BQ36: =BQ21-BQ33-BQ34-BQ35 -> 11.163948 | BR36: =BR21-BR33-BR34-BR35 -> 13.17639 | BS36: =BS21-BS33-BS34-BS35 -> 9.8586543 | BT36: =BT21-BT33-BT34-BT35 -> 19.145845 | BU36: =BU21-BU33-BU34-BU35 -> 9.4178594 | BV36: =BV21-BV33-BV34-BV35 -> 18.102218 | BW36: =BW21-BW33-BW34-BW35 -> 12.558159 | BX36: =BX21-BX33-BX34-BX35 -> 11.544174 | ... CB36: =CB21-CB33-CB34-CB35 -> 13.115039 | CC36: =SUM(BQ36:CB36) -> 149.85056 | CD36: =CD21-CD33-CD34-CD35 -> 12.663015 | CE36: =CE21-CE33-CE34-CE35 -> 11.862247 | CR36: =CE36-CD36 -> -0.80076789 | CS36: =CE36-BR36 -> -1.3141435 | CU36: =SUM(CD36:CO36) -> 24.525262 | CX36: =SUM(CD36:CE36)-SUM(BQ36:BR36) -> 0.18492327 | CZ36: =D36 -> 기타 | DM36: =SUM(DA36:DL36) -> 0
C37: 기타수수료 | F37: 38.997096 | G37: 40.783099 | H37: 40.111547 | I37: 38.676927 | J37: 32.154814 | K37: 32.856923 | L37: 35.554653 | M37: 32.814724 | N37: 31.873137 | O37: 31.269627 | P37: 31.377481 | Q37: 32.353559 | R37: 31.022035 | S37: 30.840044 | T37: 30.428932 | U37: 32.91524 | V37: 31.780335 | W37: 31.167747 | X37: 33.44498 | Y37: 30.906358 | Z37: 33.360827 | AA37: 34.850647 | AB37: 31.78155 | AC37: 34.115707 | AD37: 33.760412 | AE37: 30.603212 | AF37: 36.158984 | AG37: 31.343983 | AH37: 40.698383 | AI37: 50.225481 | AJ37: 34.43859 | AK37: 35.792051 | AL37: 41.953751 | AM37: 34.670723 | AN37: 34.888264 | AO37: 37.294518 | AQ37: 40.917431 | AR37: 33.238089 | AS37: 40.405073 | AT37: 33.188032 | AU37: 32.643948 | AV37: 39.878725 | AW37: 35.223917 | AX37: 33.868752 | AY37: 43.083047 | AZ37: 33.805491 | BA37: 33.4515 | BB37: 32.440292 | BC37: 432.1443 | BD37: 40.313523 | BE37: 38.26022 | BF37: 32.985351 | BG37: 45.391334 | BH37: 35.956874 | BI37: 41.637191 | BJ37: 43.39748 | BK37: 48.294529 | BL37: 53.700384 | BM37: =33.90141003-BM51 -> 33.193005 | BN37: 52.251018 | BO37: 40.276561 | BP37: 505.65747 | BQ37: =33.413731-BQ51 -> 32.779204 | BR37: 38.21154 | BS37: 39.763803 | BT37: 39.829534 | BU37: 40.952531 | BV37: 41.618138 | BW37: 36.675877 | BX37: 37.31768 | BY37: 37.761063 | BZ37: 37.895174 | CA37: 36.734066 | CB37: 46.981223 | CC37: =SUM(BQ37:CB37) -> 466.51983 | CD37: 37.219393 | CE37: 37.70689 | CP37: =HLOOKUP($E$2,$BQ$2:$CB$530,ROW()-1,0)-HLOOKUP($E$2,$DA$2:$DL$437,ROW()-1,0) -> #N/A | CQ37: =IFERROR(HLOOKUP($E$2,$BQ$2:$CB$530,ROW()-1,0)/HLOOKUP($E$2,$DA$2:$DL$437,ROW()-1,0),0) -> 0 | CR37: =CE37-CD37 -> 0.48749653 | CS37: =CE37-BR37 -> -0.50465039 | CU37: =SUM(CD37:CO37) -> 74.926283 | CV37: =CU37-SUM(DA37:DB37) -> 74.926283 | CW37: =IFERROR(CU37/SUM(DA37:DB37),0) -> 0 | CX37: =SUM(CD37:CE37)-SUM(BQ37:BR37) -> 3.9355385 | CZ37: =C37 -> 기타수수료 | DM37: =SUM(DA37:DL37) -> 0
D38: 도매위탁 | E38: 도매 도급수수료 | F38: 24.67 | G38: 24.67 | H38: 24.67 | I38: 24.67 | J38: 27.17 | K38: 25.17 | L38: 25.17 | M38: 25.17 | N38: 25.17 | O38: 25.17 | P38: 25.17 | Q38: 25.17 | R38: 25.17 | S38: 25.17 | T38: 25.17 | U38: 25.17 | V38: 25.17 | W38: 25.17 | X38: 25.17 | Y38: 25.17 | Z38: 25.17 | AA38: 25.17 | AB38: 25.17 | AC38: 25.17 | AD38: 25.17 | AE38: 25.17 | AF38: 25.17 | AG38: 25.17 | AH38: 27.9 | AI38: 38.8 | AJ38: 27.9 | AK38: 27.9 | AL38: 27.9 | AM38: 27.9 | AN38: 27.9 | AO38: 27.9 | AQ38: 26.4 | AR38: 26.4 | AS38: 26.4 | AT38: 26.4 | AU38: 26.4 | AV38: 26.4 | AW38: 26.4 | AX38: 26.4 | AY38: 26.4 | AZ38: 26.4 | BA38: 26.4 | BB38: 26.4 | BC38: 316.8 | BD38: 26.4 | BE38: 26.4 | BF38: 26.4 | BG38: 26.4 | BH38: 26.4 | BI38: 27.231036 | BJ38: 24 | BK38: 23.263662 | BL38: 22.236813 | BM38: 23 | BN38: 23 | BO38: 14.02537 | BP38: 288.75688 | BQ38: 26.927905 | BR38: 27.037246 | BS38: 26.95 | BT38: 25 | BU38: 25 | BV38: 25 | BW38: 25 | BX38: 25 | BY38: 25 | BZ38: 25 | CA38: 25 | CB38: =3525832000/100000000 -> 35.25832 | CC38: =SUM(BQ38:CB38) -> 316.17347 | CD38: 25 | CE38: 25 | CP38: =HLOOKUP($E$2,$BQ$2:$CB$530,ROW()-1,0)-HLOOKUP($E$2,$DA$2:$DL$437,ROW()-1,0) -> #N/A | CQ38: =IFERROR(HLOOKUP($E$2,$BQ$2:$CB$530,ROW()-1,0)/HLOOKUP($E$2,$DA$2:$DL$437,ROW()-1,0),0) -> 0 | CR38: =CE38-CD38 -> 0 | CS38: =CE38-BR38 -> -2.0372464 | CU38: =SUM(CD38:CO38) -> 50 | CV38: =CU38-SUM(DA38:DB38) -> 50 | CW38: =IFERROR(CU38/SUM(DA38:DB38),0) -> 0 | CX38: =SUM(CD38:CE38)-SUM(BQ38:BR38) -> -3.9651514 | CZ38: =D38 -> 도매위탁 | DM38: =SUM(DA38:DL38) -> 0
D39: KTAC 위탁 | E39: 아이폰 AW 업무위탁 | F39: 3.34415 | G39: 3.94914 | H39: 2.91317 | I39: 2.84485 | J39: 2.83512 | K39: 2.8327 | L39: 2.84711 | M39: 2.85103 | N39: 2.88222 | O39: 2.84696 | P39: 2.88989 | Q39: 2.88749 | R39: 2.87706 | S39: 2.82724 | T39: 2.8832 | U39: 2.84983 | V39: 2.89947 | W39: 2.92852 | X39: 2.8597 | Y39: 2.9101 | Z39: 2.78694 | AA39: 3.30281 | AB39: 2.80026 | AC39: 2.78406 | AD39: 2.79 | AE39: 2.71 | AF39: 2.47789 | AG39: 2.47789 | AH39: 2.47789 | AI39: 2.47789 | AJ39: 2.27153 | AK39: 2.30392 | AL39: 2.25362 | AM39: 2.25061 | AN39: 2.2464 | AO39: 2.24645 | AQ39: 2.26332 | AR39: 2.22603 | AS39: 2.24252 | AT39: 2.27033 | AU39: 2.17922 | AV39: 2.10995 | AW39: 2.07942 | AX39: 2.07323 | AY39: 1.98326 | AZ39: 1.9454 | BA39: 1.98583 | BB39: 1.99409 | BC39: 25.3526 | BD39: 1.96478 | BE39: 1.95829 | BF39: 1.69012 | BG39: 1.43978 | BH39: 1.4486 | BI39: 1.43418 | BJ39: 1.43185 | BK39: 1.44579 | BL39: 1.42872 | BM39: 1.44546 | BN39: 1.44514 | BO39: 1.36662 | BP39: 18.49933 | BQ39: 1.35002 | BR39: 1.32668 | BS39: 1.35615 | BT39: 1.26417 | BU39: 1.27146 | BV39: 1.11978 | BW39: 1.13291 | BX39: 1.03452 | BY39: 1.06556 | BZ39: 0.95565 | CA39: 0.95985 | CB39: 0.77314 | CC39: =SUM(BQ39:CB39) -> 13.60989 | CD39: 0.46681 | CE39: 0.20327 | CP39: =HLOOKUP($E$2,$BQ$2:$CB$530,ROW()-1,0)-HLOOKUP($E$2,$DA$2:$DL$437,ROW()-1,0) -> #N/A | CQ39: =IFERROR(HLOOKUP($E$2,$BQ$2:$CB$530,ROW()-1,0)/HLOOKUP($E$2,$DA$2:$DL$437,ROW()-1,0),0) -> 0 | CR39: =CE39-CD39 -> -0.26354 | CS39: =CE39-BR39 -> -1.12341 | CU39: =SUM(CD39:CO39) -> 0.67008 | CV39: =CU39-SUM(DA39:DB39) -> 0.67008 | CW39: =IFERROR(CU39/SUM(DA39:DB39),0) -> 0 | CX39: =SUM(CD39:CE39)-SUM(BQ39:BR39) -> -2.00662 | CZ39: =D39 -> KTAC 위탁 | DM39: =SUM(DA39:DL39) -> 0
D40: KT SHOP 위탁 | E40: KT SHOP 도급수수료 | F40: 0 | G40: 0 | H40: 0.06719151 | I40: 0 | J40: 0.35002727 | K40: 0.07 | L40: 0.55872296 | M40: 0 | N40: 0.15487348 | O40: 0.68811378 | P40: 0.07 | Q40: 1.5506536 | R40: 0 | S40: 0 | T40: 0.10734545 | U40: 0.7434 | V40: 0 | W40: 0.0161 | X40: 0.99818066 | Y40: 0 | Z40: 0 | AA40: 2.6549645 | AB40: 0 | AC40: 2.655 | AD40: 0.28 | AE40: 0.28 | AF40: 5.3239 | AG40: 0.29395454 | AH40: 0.28 | AI40: 4.8163 | AJ40: 0 | AK40: 0 | AL40: 0.60435 | AM40: 0 | AN40: 0 | AO40: 0 | AQ40: 6.8422 | AR40: 0 | AS40: 0 | AT40: 3.9887 | AU40: 0 | AV40: 0 | AW40: 5.1329 | AX40: 0 | AY40: 0 | AZ40: 4.9605 | BA40: 0 | BB40: 0 | BC40: 20.9243 | BD40: 6.2451 | BE40: 3.3807 | BF40: 0 | BG40: 7 | BH40: 3.4 | BI40: 3 | BJ40: 7.2 | BK40: 10.3907 | BL40: 12.5027 | BM40: 25 | BN40: 13.7628 | BO40: 12 | BP40: 103.882 | BQ40: 1.7813861 | BR40: 6.49188 | BS40: 6.49594 | BT40: 6.9941842 | BU40: 6.898 | BV40: 6.89902 | BW40: 6.89 | BX40: 6.8983 | BY40: 6.8983 | BZ40: 7.0006 | CA40: 6.90664 | CB40: 6.8983 | CC40: =SUM(BQ40:CB40) -> 77.05255 | CD40: 7.49866 | CE40: 7.62978 | CP40: =HLOOKUP($E$2,$BQ$2:$CB$530,ROW()-1,0)-HLOOKUP($E$2,$DA$2:$DL$437,ROW()-1,0) -> #N/A | CQ40: =IFERROR(HLOOKUP($E$2,$BQ$2:$CB$530,ROW()-1,0)/HLOOKUP($E$2,$DA$2:$DL$437,ROW()-1,0),0) -> 0 | CR40: =CE40-CD40 -> 0.13112 | CS40: =CE40-BR40 -> 1.1379 | CU40: =SUM(CD40:CO40) -> 15.12844 | CV40: =CU40-SUM(DA40:DB40) -> 15.12844 | CW40: =IFERROR(CU40/SUM(DA40:DB40),0) -> 0 | CX40: =SUM(CD40:CE40)-SUM(BQ40:BR40) -> 6.8551739 | CZ40: =D40 -> KT SHOP 위탁 | DM40: =SUM(DA40:DL40) -> 0
D41: 디지털 바로배송/유심 | E41: 바로배송 위탁, 바로유심 용역 수수료 | AQ41: 0.5604365 | AR41: 0.85484 | AS41: 0.937785 | AT41: 0.7435465 | AU41: 0.9319345 | AV41: 1.028345 | AW41: 1.1859855 | AX41: 1.263655 | AY41: 1.0388907 | AZ41: 0.9438926 | BA41: 1.0354207 | BB41: 1.247385 | BC41: 11.772117 | BD41: 1.3865771 | BE41: 1.8524075 | BF41: 1.4731647 | BG41: 1.6499329 | BH41: 1.4916412 | BI41: 1.5104562 | BJ41: 1.2035792 | BK41: 1.6562593 | BL41: 1.7205367 | BM41: 1.8134247 | BN41: 1.7056521 | BO41: 1.8815996 | BP41: 19.345231 | BQ41: 1.7700148 | BR41: 1.7853179 | BS41: 1.8493655 | BT41: 1.9933751 | BU41: 3.1633886 | BV41: 2.9196508 | BW41: 1.7446758 | BX41: 3.0228695 | BY41: 2.039278 | BZ41: 2.2039651 | CA41: 1.9829121 | CB41: 1.9966793 | CC41: =SUM(BQ41:CB41) -> 26.471493 | CD41: 2.0352792 | CE41: 3.267022 | CP41: =HLOOKUP($E$2,$BQ$2:$CB$530,ROW()-1,0)-HLOOKUP($E$2,$DA$2:$DL$437,ROW()-1,0) -> #N/A | CQ41: =IFERROR(HLOOKUP($E$2,$BQ$2:$CB$530,ROW()-1,0)/HLOOKUP($E$2,$DA$2:$DL$437,ROW()-1,0),0) -> 0 | CR41: =CE41-CD41 -> 1.2317428 | CS41: =CE41-BR41 -> 1.4817041 | CU41: =SUM(CD41:CO41) -> 5.3023012 | CV41: =CU41-SUM(DA41:DB41) -> 5.3023012 | CW41: =IFERROR(CU41/SUM(DA41:DB41),0) -> 0 | CX41: =SUM(CD41:CE41)-SUM(BQ41:BR41) -> 1.7469685 | CZ41: =D41 -> 디지털 바로배송/유심 | DM41: =SUM(DA41:DL41) -> 0
D42: B2B 도급 수수료 | E42: KT 업무지원센터, 기업무선센터 | AQ42: 0.3576 | AR42: 0.3585 | AS42: 0.3275 | AT42: 0.3275 | AU42: 0.3275 | AV42: 0.3275 | AW42: 0.1752 | AX42: 0.4798 | AY42: 0.3275 | AZ42: 0.3275 | BA42: 0.3275 | BB42: 0.1523 | BC42: 3.8159 | BD42: 0.5027 | BE42: 0.3278 | BF42: 0.3311 | BG42: 0.3311 | BH42: 0.3311 | BI42: 0.3311 | BJ42: 0.3311 | BK42: 0.3311 | BL42: 0.3311 | BM42: 0.3311 | BN42: 0.3311 | BO42: 0.97555 | BP42: 4.78595 | BQ42: 0.3311 | BR42: 0.3314 | BS42: 0.42475833 | BT42: 0.42475833 | BU42: 0.42475833 | BV42: 0.42475833 | BW42: 0.46783333 | BX42: 0.30433333 | BY42: 0.63133333 | BZ42: 0.46783333 | CA42: 0.46783333 | CB42: 0.46783333 | CC42: =SUM(BQ42:CB42) -> 5.1685333 | CD42: 0.46783333 | CE42: 0.46783337 | CP42: =HLOOKUP($E$2,$BQ$2:$CB$530,ROW()-1,0)-HLOOKUP($E$2,$DA$2:$DL$437,ROW()-1,0) -> #N/A | CQ42: =IFERROR(HLOOKUP($E$2,$BQ$2:$CB$530,ROW()-1,0)/HLOOKUP($E$2,$DA$2:$DL$437,ROW()-1,0),0) -> 0 | CR42: =CE42-CD42 -> 4e-08 | CS42: =CE42-BR42 -> 0.13643337 | CU42: =SUM(CD42:CO42) -> 0.9356667 | CV42: =CU42-SUM(DA42:DB42) -> 0.9356667 | CW42: =IFERROR(CU42/SUM(DA42:DB42),0) -> 0 | CX42: =SUM(CD42:CE42)-SUM(BQ42:BR42) -> 0.2731667 | CZ42: =D42 -> B2B 도급 수수료 | DM42: =SUM(DA42:DL42) -> 0
D43: 기타도급 및 지원 | E43: 기타, 미정산건, 계상처리 등 | F43: =F37-SUM(F38:F40) -> 10.982946 | G43: =G37-SUM(G38:G40) -> 12.163959 | H43: =H37-SUM(H38:H40) -> 12.461186 | I43: =I37-SUM(I38:I40) -> 11.162077 | J43: =J37-SUM(J38:J40) -> 1.7996665 | K43: =K37-SUM(K38:K40) -> 4.7842231 | L43: =L37-SUM(L38:L40) -> 6.9788201 | M43: =M37-SUM(M38:M40) -> 4.7936944 | ... Q43: =Q37-SUM(Q38:Q40) -> 2.7454156 | R43: 2.9749747 | S43: 2.8428042 | T43: 2.2683864 | U43: 4.1520101 | V43: 3.7108647 | W43: 3.053127 | X43: 4.4170994 | Y43: 2.8262584 | Z43: 5.4038867 | AA43: 3.7228725 | AB43: 3.8112905 | AC43: 3.5066466 | AD43: =AD37-SUM(AD38:AD40) -> 5.5204118 | AE43: =AE37-SUM(AE38:AE40) -> 2.4432117 | AF43: =AF37-SUM(AF38:AF40) -> 3.1871936 | AG43: =AG37-SUM(AG38:AG40) -> 3.4021385 | AH43: =AH37-SUM(AH38:AH40) -> 10.040493 | AI43: =AI37-SUM(AI38:AI40) -> 4.1312912 | AJ43: 4.2670603 | AK43: 5.5881309 | AL43: 11.195781 | AM43: 4.5201129 | AN43: 4.7418645 | AO43: 7.1480676 | AQ43: 4.4938748 | AR43: 3.3987193 | AS43: 10.497268 | AT43: -0.54204468 | AU43: 2.8052932 | AV43: 10.01293 | AW43: 0.25041162 | AX43: 3.6520667 | AY43: 13.333396 | AZ43: -0.77180128 | BA43: 3.702749 | BB43: 2.6465169 | BC43: 53.479379 | BD43: =BD37-BD38-BD39-BD40-BD41-BD42 -> 3.8143663 | BE43: =BE37-BE38-BE39-BE40-BE41-BE42 -> 4.3410226 | BF43: =BF37-BF38-BF39-BF40-BF41-BF42 -> 3.0909662 | BG43: =BG37-BG38-BG39-BG40-BG41-BG42 -> 8.5705208 | BH43: =BH37-BH38-BH39-BH40-BH41-BH42 -> 2.8855329 | BI43: =BI37-BI38-BI39-BI40-BI41-BI42 -> 8.1304186 | BJ43: =BJ37-BJ38-BJ39-BJ40-BJ41-BJ42 -> 9.230951 | BK43: =BK37-BK38-BK39-BK40-BK41-BK42 -> 11.207017 | ... BN43: =BN37-BN38-BN39-BN40-BN41-BN42 -> 12.006326 | BO43: 10.027421 | BP43: 70.388077 | BQ43: =BQ37-BQ38-BQ39-BQ40-BQ41-BQ42 -> 0.61877861 | BR43: =BR37-BR38-BR39-BR40-BR41-BR42 -> 1.239016 | BS43: =BS37-BS38-BS39-BS40-BS41-BS42 -> 2.6875895 | BT43: =BT37-BT38-BT39-BT40-BT41-BT42 -> 4.1530466 | BU43: =BU37-BU38-BU39-BU40-BU41-BU42 -> 4.1949239 | BV43: =BV37-BV38-BV39-BV40-BV41-BV42 -> 5.2549286 | BW43: =BW37-BW38-BW39-BW40-BW41-BW42 -> 1.4404581 | BX43: =BX37-BX38-BX39-BX40-BX41-BX42 -> 1.0576573 | ... CB43: =CB37-CB38-CB39-CB40-CB41-CB42 -> 1.5869505 | CC43: =SUM(BQ43:CB43) -> 28.043897 | CD43: =CD37-CD38-CD39-CD40-CD41-CD42 -> 1.7508108 | CE43: =CE37-CE38-CE39-CE40-CE41-CE42 -> 1.1389845 | CP43: =HLOOKUP($E$2,$BQ$2:$CB$530,ROW()-1,0)-HLOOKUP($E$2,$DA$2:$DL$437,ROW()-1,0) -> #N/A | CQ43: =IFERROR(HLOOKUP($E$2,$BQ$2:$CB$530,ROW()-1,0)/HLOOKUP($E$2,$DA$2:$DL$437,ROW()-1,0),0) -> 0 | CR43: =CE43-CD43 -> -0.61182631 | CS43: =CE43-BR43 -> -0.10003149 | CU43: =SUM(CD43:CO43) -> 2.8897954 | CV43: =CU43-SUM(DA43:DB43) -> 2.8897954 | CW43: =IFERROR(CU43/SUM(DA43:DB43),0) -> 0 | CX43: =SUM(CD43:CE43)-SUM(BQ43:BR43) -> 1.0320007 | CZ43: =D43 -> 기타도급 및 지원 | DM43: =SUM(DA43:DL43) -> 0
A44: 유통플랫폼사업 매출 | R44: 143.24 | AD44: 0.70792523 | AE44: 42.509062 | AF44: 0.79514901 | AG44: 0.762189 | AH44: 24.655641 | AI44: 1.2211345 | AJ44: 1.1505651 | AK44: 21.463902 | AL44: 3.1823472 | AM44: 8.6464858 | AN44: 39.035453 | AO44: 20.492119 | AQ44: 18.92836 | AR44: 20.335122 | AS44: 6.3679559 | AT44: 24.460073 | AU44: 44.869622 | AV44: 8.6601767 | AW44: 6.379273 | AX44: 23.082351 | AY44: 35.430344 | AZ44: 29.941807 | BA44: 10.209994 | BB44: 38.688366 | BC44: 267.35344 | BD44: =BD49+BD52 -> 3.465451 | BE44: =BE49+BE52 -> 17.070463 | BF44: =BF49+BF52 -> 27.816198 | BG44: =BG49+BG52 -> 58.840943 | BH44: =BH49+BH52 -> 27.214978 | BI44: =BI49+BI52 -> 8.2465206 | BJ44: =BJ49+BJ52 -> 13.776594 | BK44: =BK49+BK52 -> 52.579342 | ... BO44: =BO49+BO52 -> 27.829918 | BP44: 399.57222 | BQ44: =BQ49+BQ52 -> 27.073064 | BR44: =BR49+BR52 -> 66.257026 | BS44: =BS49+BS52 -> 48.406045 | BT44: =BT49+BT52 -> 36.01091 | BU44: =BU49+BU52 -> 42.548449 | BV44: =BV49+BV52 -> 47.556311 | BW44: =BW49+BW52 -> 56.698631 | BX44: =BX49+BX52 -> 58.199155 | ... CB44: =CB49+CB52 -> 16.353154 | CC44: =SUM(BQ44:CB44) -> 556.58424 | CD44: =CD49+CD52 -> 14.733423 | CE44: =CE49+CE52 -> 27.909817 | CP44: =HLOOKUP($E$2,$BQ$2:$CB$530,ROW()-1,0)-HLOOKUP($E$2,$DA$2:$DL$437,ROW()-1,0) -> #N/A | CQ44: =IFERROR(HLOOKUP($E$2,$BQ$2:$CB$530,ROW()-1,0)/HLOOKUP($E$2,$DA$2:$DL$437,ROW()-1,0),0) -> 0 | CR44: =CE44-CD44 -> 13.176394 | CS44: =CE44-BR44 -> -38.347209 | CU44: =SUM(CD44:CO44) -> 42.64324 | CV44: =CU44-SUM(DA44:DB44) -> 42.64324 | CW44: =IFERROR(CU44/SUM(DA44:DB44),0) -> 0 | CX44: =SUM(CD44:CE44)-SUM(BQ44:BR44) -> -50.68685 | CZ44: =A44 -> 유통플랫폼사업 매출 | DM44: =SUM(DA44:DL44) -> 0
C45: 시연폰 | AD45: 0 | AE45: 42.002751 | AF45: 0 | AG45: 0 | AH45: 22.93346 | AI45: 0 | AJ45: 0 | AK45: 20.532201 | AL45: 0 | AM45: 6.133248 | AN45: 30.815623 | AO45: 14.310486 | AQ45: 17.558161 | AR45: 18.645582 | AS45: 4.50616 | AT45: 22.357863 | AU45: 37.6139 | AV45: 0 | AW45: 0 | AX45: 0 | AY45: 27.401272 | AZ45: 8.6376132 | BA45: 0 | BB45: 30.76315 | BC45: 167.4837 | BD45: 0 | BE45: 12.523212 | BF45: 19.65725 | BG45: 41.176873 | BH45: 8.1741848 | BI45: 3.1105545 | BJ45: 0 | BK45: 23.874692 | BL45: 26.838304 | BM45: 27.35562 | BN45: 9.0598167 | BO45: 6.4741745 | BP45: 178.24468 | BQ45: 6.2247795 | BR45: 41.723454 | BS45: 33.803716 | BT45: 17.317672 | BU45: 33.886692 | BV45: 36.226487 | BW45: 38.549267 | BX45: 44.359253 | BY45: 38.491673 | BZ45: 32.401694 | CA45: 38.025056 | CB45: 8.4948652 | CC45: =SUM(BQ45:CB45) -> 369.50461 | CD45: 6.6673621 | CE45: 20.213732 | CP45: =HLOOKUP($E$2,$BQ$2:$CB$530,ROW()-1,0)-HLOOKUP($E$2,$DA$2:$DL$437,ROW()-1,0) -> #N/A | CQ45: =IFERROR(HLOOKUP($E$2,$BQ$2:$CB$530,ROW()-1,0)/HLOOKUP($E$2,$DA$2:$DL$437,ROW()-1,0),0) -> 0 | CR45: =CE45-CD45 -> 13.54637 | CS45: =CE45-BR45 -> -21.509722 | CU45: =SUM(CD45:CO45) -> 26.881094 | CV45: =CU45-SUM(DA45:DB45) -> 26.881094 | CW45: =IFERROR(CU45/SUM(DA45:DB45),0) -> 0 | CX45: =SUM(CD45:CE45)-SUM(BQ45:BR45) -> -21.067139 | CZ45: =C45 -> 시연폰 | DM45: =SUM(DA45:DL45) -> 0
C46: 굿바이 | AD46: 0 | AE46: 0.0015018 | AF46: 0.0011877 | AG46: 0.0012255 | AH46: 0.18850764 | AI46: 0 | AJ46: 0.0388507 | AK46: 0.0236805 | AL46: 0.0648395 | AM46: 0.06567472 | AN46: 0.0573265 | AO46: 0.0529465 | AQ46: 0.31406332 | AR46: 0.087427 | AS46: 0.0704085 | AT46: 0.01762 | AU46: 4.445897 | AV46: 4.7673086 | AW46: 3.963363 | AX46: 18.960478 | AY46: 5.2997445 | AZ46: 19.070399 | BA46: 8.6262545 | BB46: 7.1969757 | BC46: 72.819939 | BD46: 2.3468045 | BE46: 0.510505 | BF46: 7.1351486 | BG46: 13.683895 | BH46: 16.885955 | BI46: 3.914 | BJ46: 11.79281 | BK46: 19.230899 | BL46: 23.088424 | BM46: 25.663212 | BN46: 15.651435 | BO46: 2.3071636 | BP46: 142.21025 | BQ46: 5.1468545 | BR46: 7.8131886 | BS46: 4.2391668 | BT46: 9.1465707 | BU46: 2.3114345 | BV46: 5.9345118 | BW46: 12.660025 | BX46: 11.855449 | BY46: 13.403727 | BZ46: 8.2778564 | CA46: 13.309737 | CB46: 5.8643154 | CC46: =SUM(BQ46:CB46) -> 99.962838 | CD46: 3.2603682 | CE46: 5.9138182 | CP46: =HLOOKUP($E$2,$BQ$2:$CB$530,ROW()-1,0)-HLOOKUP($E$2,$DA$2:$DL$437,ROW()-1,0) -> #N/A | CQ46: =IFERROR(HLOOKUP($E$2,$BQ$2:$CB$530,ROW()-1,0)/HLOOKUP($E$2,$DA$2:$DL$437,ROW()-1,0),0) -> 0 | CR46: =CE46-CD46 -> 2.65345 | CS46: =CE46-BR46 -> -1.8993705 | CU46: =SUM(CD46:CO46) -> 9.1741863 | CV46: =CU46-SUM(DA46:DB46) -> 9.1741863 | CW46: =IFERROR(CU46/SUM(DA46:DB46),0) -> 0 | CX46: =SUM(CD46:CE46)-SUM(BQ46:BR46) -> -3.7858568 | CZ46: =C46 -> 굿바이 | DM46: =SUM(DA46:DL46) -> 0
C47: 코코넛 | AD47: 0 | AE47: 0 | AF47: 0 | AG47: 0 | AH47: 0 | AI47: 0 | AJ47: 0 | AK47: 0.08697273 | AL47: 2.1517505 | AM47: 1.1831124 | AN47: 7.2881978 | AO47: 5.0096113 | AQ47: 0.20109091 | AR47: 1.1016102 | AS47: 1.3176477 | AT47: 1.6469137 | AU47: 2.0255376 | AV47: 3.0005779 | AW47: 1.6524955 | AX47: 3.2620176 | AY47: 2.2386986 | AZ47: 1.1238791 | BA47: 0.81183923 | BB47: 0.36171346 | BC47: 18.744022 | BD47: 1.1186465 | BE47: 3.4670918 | BF47: 0.79960007 | BG47: 3.4319926 | BH47: 1.7929388 | BI47: 0.85896609 | BJ47: 1.6187836 | BK47: 9.1338509 | BL47: 8.3936854 | BM47: 13.810751 | BN47: 11.966563 | BO47: 18.75038 | BP47: 75.143249 | BQ47: 15.047921 | BR47: 15.968165 | BS47: 9.4010445 | BT47: 6.3480071 | BU47: 5.4892406 | BV47: 4.7302215 | BW47: 3.7068985 | BX47: 0.78530742 | BY47: 2.3982148 | BZ47: 1.7681287 | CA47: 0.50962746 | CB47: 0.3575733 | CC47: =SUM(BQ47:CB47) -> 66.51035 | CD47: 2.6226312 | CE47: 0.1885922 | CP47: =HLOOKUP($E$2,$BQ$2:$CB$530,ROW()-1,0)-HLOOKUP($E$2,$DA$2:$DL$437,ROW()-1,0) -> #N/A | CQ47: =IFERROR(HLOOKUP($E$2,$BQ$2:$CB$530,ROW()-1,0)/HLOOKUP($E$2,$DA$2:$DL$437,ROW()-1,0),0) -> 0 | CR47: =CE47-CD47 -> -2.434039 | CS47: =CE47-BR47 -> -15.779573 | CU47: =SUM(CD47:CO47) -> 2.8112234 | CV47: =CU47-SUM(DA47:DB47) -> 2.8112234 | CW47: =IFERROR(CU47/SUM(DA47:DB47),0) -> 0 | CX47: =SUM(CD47:CE47)-SUM(BQ47:BR47) -> -28.204863 | CZ47: =C47 -> 코코넛 | DM47: =SUM(DA47:DL47) -> 0
C48: 기타(A/S, 임대, 물류, 중고폰 전문매장 등) | AD48: 0.7070192 | AE48: 0.504809 | AF48: 0.79396131 | AG48: 0.7609635 | AH48: 1.5336733 | AI48: 1.2211345 | AJ48: 1.1117144 | AK48: 0.82104729 | AL48: 0.96575715 | AM48: 1.2644507 | AN48: 0.87430567 | AO48: 1.1190748 | AQ48: 0.85504537 | AR48: 0.50050196 | AS48: 0.47373965 | AT48: 0.43767561 | AU48: 0.78428756 | AV48: 0.89229022 | AW48: 0.76341447 | AX48: 0.85985501 | AY48: 0.49062854 | AZ48: 1.1099155 | BA48: 0.77190011 | BB48: 0.366527 | BC48: 8.305781 | BD48: 0 | BE48: 0.56965359 | BF48: 0.2242 | BG48: 0.5481825 | BH48: 0.3619 | BI48: 0.363 | BJ48: 0.365 | BK48: 0.3399 | BL48: 0.3068 | BM48: 0.2946 | BN48: 0.3026 | BO48: 0.2982 | BP48: 3.9740361 | BQ48: =BQ44-BQ45-BQ46-BQ47 -> 0.65350908 | BR48: =BR44-BR45-BR46-BR47 -> 0.7522182 | BS48: =BS44-BS45-BS46-BS47 -> 0.96211818 | BT48: =BT44-BT45-BT46-BT47 -> 3.1986605 | BU48: =BU44-BU45-BU46-BU47 -> 0.86108182 | BV48: =BV44-BV45-BV46-BV47 -> 0.66509091 | BW48: =BW44-BW45-BW46-BW47 -> 1.7824403 | BX48: =BX44-BX45-BX46-BX47 -> 1.1991455 | ... CB48: =CB44-CB45-CB46-CB47 -> 1.6364 | CC48: =SUM(BQ48:CB48) -> 20.606444 | CD48: 2.1830618 | CE48: 1.5936746 | CP48: =HLOOKUP($E$2,$BQ$2:$CB$530,ROW()-1,0)-HLOOKUP($E$2,$DA$2:$DL$437,ROW()-1,0) -> #N/A | CQ48: =IFERROR(HLOOKUP($E$2,$BQ$2:$CB$530,ROW()-1,0)/HLOOKUP($E$2,$DA$2:$DL$437,ROW()-1,0),0) -> 0 | CR48: =CE48-CD48 -> -0.58938726 | CS48: =CE48-BR48 -> 0.84145636 | CU48: =SUM(CD48:CO48) -> 3.7767364 | CV48: =CU48-SUM(DA48:DB48) -> 3.7767364 | CW48: =IFERROR(CU48/SUM(DA48:DB48),0) -> 0 | CX48: =SUM(CD48:CE48)-SUM(BQ48:BR48) -> 2.3710091 | CZ48: =C48 -> 기타(A/S, 임대, 물류, 중고폰 전문매장 등) | DM48: =SUM(DA48:DL48) -> 0
C49: 수수료매출 ⓒ | AQ49: 0.29537114 | AR49: 0.09578827 | AS49: 0.0491085 | AT49: 0 | AU49: 0.01418175 | AV49: 0.23383115 | AW49: 0.029771 | AX49: 0.25729055 | AY49: 0.1101545 | AZ49: 0.0688445 | BA49: 0.0346585 | BB49: 2.2773886 | BC49: 3.4663885 | BD49: =BD50+BD51 -> 0.70356452 | BE49: =BE50+BE51 -> 2.4498311 | BF49: =BF50+BF51 -> 1.1364934 | BG49: =BG50+BG51 -> 7.6887108 | BH49: =BH50+BH51 -> 2.1799804 | BI49: =BI50+BI51 -> 1.2499824 | BJ49: =BJ50+BJ51 -> 2.0885909 | BK49: =BK50+BK51 -> 2.9984796 | ... BO49: =BO50+BO51 -> 5.7775723 | BP49: 50.457874 | BQ49: =BQ50+BQ51 -> 4.6659154 | BR49: =BR50+BR51 -> 8.2890092 | BS49: =BS50+BS51 -> 1.4430924 | BT49: =BT50+BT51 -> 5.6274242 | BU49: =BU50+BU51 -> 1.8754224 | BV49: =BV50+BV51 -> 2.8103056 | BW49: =BW50+BW51 -> 4.7626143 | BX49: =BX50+BX51 -> 1.7675392 | ... CB49: =CB50+CB51 -> 2.6073824 | CC49: =SUM(BQ49:CB49) -> 46.425859 | CD49: =CD50+CD51 -> 3.9735316 | CE49: =CE50+CE51 -> 1.0773522 | CP49: =HLOOKUP($E$2,$BQ$2:$CB$530,ROW()-1,0)-HLOOKUP($E$2,$DA$2:$DL$437,ROW()-1,0) -> #N/A | CQ49: =IFERROR(HLOOKUP($E$2,$BQ$2:$CB$530,ROW()-1,0)/HLOOKUP($E$2,$DA$2:$DL$437,ROW()-1,0),0) -> 0 | CR49: =CE49-CD49 -> -2.8961794 | CS49: =CE49-BR49 -> -7.211657 | CU49: =SUM(CD49:CO49) -> 5.0508838 | CV49: =CU49-SUM(DA49:DB49) -> 5.0508838 | CW49: =IFERROR(CU49/SUM(DA49:DB49),0) -> 0 | CX49: =SUM(CD49:CE49)-SUM(BQ49:BR49) -> -7.9040408 | CZ49: =C49 -> 수수료매출 ⓒ | DM49: =SUM(DA49:DL49) -> 0
D50: 정책수수료 | AQ50: 0 | AR50: 0 | AS50: 0 | AT50: 0 | AU50: 0 | AV50: 0 | AW50: 0 | AX50: 0 | AY50: 0 | AZ50: 0 | BA50: 0 | BB50: 0 | BC50: 0 | BD50: 0.39372727 | BE50: 2.1575266 | BF50: 0.6153533 | BG50: 4.2654705 | BH50: 1.6640773 | BI50: 0.81197386 | BJ50: 1.5800279 | BK50: 2.5205904 | BL50: 4.6236797 | BM50: 3.5418676 | BN50: 14.461082 | BO50: 5.2873835 | BP50: 41.922759 | BQ50: 4.0313889 | BR50: 7.7963337 | BS50: 0.87665235 | BT50: 2.3474601 | BU50: 1.3750335 | BV50: 2.3617353 | BW50: 2.5602794 | BX50: 0.85627912 | BY50: 3.7095691 | BZ50: 3.9348022 | CA50: 1.5669423 | CB50: 1.7293027 | CC50: =SUM(BQ50:CB50) -> 33.145779 | CD50: 2.7322076 | CE50: 0.25352809 | CP50: =HLOOKUP($E$2,$BQ$2:$CB$530,ROW()-1,0)-HLOOKUP($E$2,$DA$2:$DL$437,ROW()-1,0) -> #N/A | CQ50: - | CR50: =CE50-CD50 -> -2.4786795 | CS50: =CE50-BR50 -> -7.5428056 | CU50: =SUM(CD50:CO50) -> 2.9857357 | CV50: =CU50-SUM(DA50:DB50) -> 2.9857357 | CW50: - | CX50: =SUM(CD50:CE50)-SUM(BQ50:BR50) -> -8.8419869 | CZ50: =D50 -> 정책수수료 | DM50: =SUM(DA50:DL50) -> 0
D51: 기타수수료 | AQ51: 0.29537114 | AR51: 0.09578827 | AS51: 0.0491085 | AT51: 0 | AU51: 0.01418175 | AV51: 0.23383115 | AW51: 0.029771 | AX51: 0.25729055 | AY51: 0.1101545 | AZ51: 0.0688445 | BA51: 0.0346585 | BB51: 2.2773886 | BC51: 3.4663885 | BD51: 0.30983725 | BE51: 0.2923045 | BF51: 0.52114007 | BG51: 3.4232404 | BH51: 0.51590316 | BI51: 0.43800855 | BJ51: 0.508563 | BK51: 0.47788914 | BL51: 0.38740227 | BM51: 0.70840514 | BN51: 0.46223229 | BO51: 0.49018879 | BP51: 8.5351145 | BQ51: 0.6345265 | BR51: 0.49267549 | BS51: 0.56644009 | BT51: 3.2799642 | BU51: 0.50038885 | BV51: 0.44857032 | BW51: 2.202335 | BX51: 0.9112601 | BY51: 1.0520684 | BZ51: 1.4413272 | CA51: 0.87244427 | CB51: 0.8780797 | CC51: =SUM(BQ51:CB51) -> 13.28008 | CD51: 1.241324 | CE51: 0.82382411 | CP51: =HLOOKUP($E$2,$BQ$2:$CB$530,ROW()-1,0)-HLOOKUP($E$2,$DA$2:$DL$437,ROW()-1,0) -> #N/A | CQ51: =IFERROR(HLOOKUP($E$2,$BQ$2:$CB$530,ROW()-1,0)/HLOOKUP($E$2,$DA$2:$DL$437,ROW()-1,0),0) -> 0 | CR51: =CE51-CD51 -> -0.4174999 | CS51: =CE51-BR51 -> 0.33114862 | CU51: =SUM(CD51:CO51) -> 2.0651481 | CV51: =CU51-SUM(DA51:DB51) -> 2.0651481 | CW51: =IFERROR(CU51/SUM(DA51:DB51),0) -> 0 | CX51: =SUM(CD51:CE51)-SUM(BQ51:BR51) -> 0.93794613 | CZ51: =D51 -> 기타수수료 | DM51: =SUM(DA51:DL51) -> 0
C52: 상품매출 ⓓ | AQ52: 18.632989 | AR52: 20.239333 | AS52: 6.3188474 | AT52: 24.460073 | AU52: 44.85544 | AV52: 8.4263455 | AW52: 6.349502 | AX52: 22.82506 | AY52: 35.320189 | AZ52: 29.872962 | BA52: 10.175335 | BB52: 36.410977 | BC52: 263.88705 | BD52: 2.7618865 | BE52: 14.620632 | BF52: 26.679705 | BG52: 51.152232 | BH52: 25.034998 | BI52: 6.9965382 | BJ52: 11.688003 | BK52: 49.580863 | BL52: 53.616131 | BM52: 62.87391 | BN52: 22.057101 | BO52: 22.052346 | BP52: 349.11434 | BQ52: 22.407149 | BR52: 57.968017 | BS52: 46.962953 | BT52: 30.383486 | BU52: 40.673026 | BV52: 44.746006 | BW52: 51.936017 | BX52: 56.431616 | BY52: 52.275386 | BZ52: 40.739922 | CA52: 51.889032 | CB52: 13.745772 | CC52: =SUM(BQ52:CB52) -> 510.15838 | CD52: 10.759892 | CE52: 26.832465 | CP52: =HLOOKUP($E$2,$BQ$2:$CB$530,ROW()-1,0)-HLOOKUP($E$2,$DA$2:$DL$437,ROW()-1,0) -> #N/A | CQ52: =IFERROR(HLOOKUP($E$2,$BQ$2:$CB$530,ROW()-1,0)/HLOOKUP($E$2,$DA$2:$DL$437,ROW()-1,0),0) -> 0 | CR52: =CE52-CD52 -> 16.072573 | CS52: =CE52-BR52 -> -31.135552 | CU52: =SUM(CD52:CO52) -> 37.592357 | CV52: =CU52-SUM(DA52:DB52) -> 37.592357 | CW52: =IFERROR(CU52/SUM(DA52:DB52),0) -> 0 | CX52: =SUM(CD52:CE52)-SUM(BQ52:BR52) -> -42.78281 | CZ52: =C52 -> 상품매출 ⓓ | DM52: =SUM(DA52:DL52) -> 0
A54: 판매비와 일반관리비 | F54: 143.88211 | G54: 131.18332 | H54: 155.81362 | I54: 136.68868 | J54: 137.49504 | K54: 156.34052 | L54: 135.66974 | M54: 131.9286 | N54: 149.85468 | O54: 138.0309 | P54: 156.36007 | Q54: 181.43559 | R54: 141.04376 | S54: 139.80479 | T54: 135.46953 | U54: 135.40139 | V54: 141.92305 | W54: 148.88626 | X54: 146.4329 | Y54: 141.54864 | Z54: 154.97948 | AA54: 155.80506 | AB54: 152.59514 | AC54: 215.10039 | AD54: 126.81 | AE54: 150.4 | AF54: 158.51 | AG54: 157.62413 | AH54: 161.52933 | AI54: 161.01163 | AJ54: 171.14473 | AK54: 170.56677 | AL54: 186.77535 | AM54: 166.13841 | AN54: 192.59267 | AO54: 294.06921 | AQ54: 139.14345 | AR54: 160.65397 | AS54: 161.30594 | AT54: 161.14569 | AU54: 156.22468 | AV54: 192.36783 | AW54: 173.88291 | AX54: 174.10717 | AY54: 202.84507 | AZ54: 224.68715 | BA54: 201.7904 | BB54: 218.67707 | BC54: 2166.8313 | BD54: =BD55+BD61+BD65+BD68+BD69 -> 175.51457 | BE54: =BE55+BE61+BE65+BE68+BE69 -> 158.85873 | BF54: =BF55+BF61+BF65+BF68+BF69 -> 142.95413 | BG54: =BG55+BG61+BG65+BG68+BG69 -> 157.45023 | BH54: =BH55+BH61+BH65+BH68+BH69 -> 148.6046 | BI54: =BI55+BI61+BI65+BI68+BI69 -> 156.91262 | BJ54: =BJ55+BJ61+BJ65+BJ68+BJ69 -> 177.12681 | BK54: =BK55+BK61+BK65+BK68+BK69 -> 174.47382 | ... BO54: =BO55+BO61+BO65+BO68+BO69 -> 199.89054 | BP54: 2102.6965 | BQ54: =BQ55+BQ61+BQ65+BQ68+BQ69 -> 175.85236 | BR54: =BR55+BR61+BR65+BR68+BR69 -> 166.07553 | BS54: =BS55+BS61+BS65+BS68+BS69 -> 163.88899 | BT54: =BT55+BT61+BT65+BT68+BT69 -> 168.1989 | BU54: =BU55+BU61+BU65+BU68+BU69 -> 175.42496 | BV54: =BV55+BV61+BV65+BV68+BV69 -> 195.1481 | BW54: =BW55+BW61+BW65+BW68+BW69 -> 206.72965 | BX54: =BX55+BX61+BX65+BX68+BX69 -> 176.43205 | ... CB54: =CB55+CB61+CB65+CB68+CB69 -> 274.63898 | CC54: =SUM(BQ54:CB54) -> 2358.4382 | CD54: =CD55+CD61+CD65+CD68+CD69 -> 173.80259 | CE54: =CE55+CE61+CE65+CE68+CE69 -> 179.59897 | CP54: =CP55+CP61+CP65+CP68+CP69 -> #N/A | CQ54: =CQ55+CQ61+CQ65+CQ68+CQ69 -> 0 | CR54: =CE54-CD54 -> 5.7963756 | CS54: =CE54-BR54 -> 13.523435 | CU54: =SUM(CD54:CO54) -> 353.40156 | CV54: =CU54-SUM(DA54:DB54) -> 353.40156 | CW54: =IFERROR(2-ABS(CU54/SUM(DA54:DB54)),0) -> 0 | CX54: =SUM(CD54:CE54)-SUM(BQ54:BR54) -> 11.473672 | DM54: =SUM(DA54:DL54) -> 0
B55: 인건비 | F55: 86.972388 | G55: 84.774466 | H55: 108.52852 | I55: 89.282044 | J55: 85.283799 | K55: 105.0092 | L55: 79.164886 | M55: 78.473211 | N55: 103.41393 | O55: 76.779283 | P55: 77.499529 | Q55: 108.86925 | R55: 83.358859 | S55: 86.671014 | T55: 83.825463 | U55: 85.964489 | V55: 86.315302 | W55: 91.375867 | X55: 85.364691 | Y55: 87.216811 | Z55: 95.249119 | AA55: 85.559405 | AB55: 83.864113 | AC55: 104.78395 | AD55: 84.7 | AE55: 86.667 | AF55: 88.03 | AG55: 89.167538 | AH55: 93.980741 | AI55: 95.808536 | AJ55: 97.417821 | AK55: 93.702486 | AL55: 105.21706 | AM55: 94.476431 | AN55: 132.31429 | AO55: 105.89835 | AQ55: 95.091648 | AR55: 94.743659 | AS55: 99.149542 | AT55: 103.62955 | AU55: 97.837382 | AV55: 95.417563 | AW55: 98.554298 | AX55: 94.656709 | AY55: 103.30858 | AZ55: 94.797286 | BA55: 133.65886 | BB55: 99.561705 | BC55: 1210.4068 | BD55: 91.836856 | BE55: 102.96958 | BF55: 92.632131 | BG55: 101.14978 | BH55: 98.945005 | BI55: 107.07639 | BJ55: 98.280715 | BK55: 104.00814 | BL55: 126.21854 | BM55: 117.61419 | BN55: 103.17917 | BO55: 127.0703 | BP55: 1270.9808 | BQ55: =BQ56+BQ57+BQ58+BQ59 -> 103.7119 | BR55: =BR56+BR57+BR58+BR59 -> 101.80097 | BS55: =BS56+BS57+BS58+BS59 -> 114.76275 | BT55: =BT56+BT57+BT58+BT59 -> 109.92785 | BU55: =BU56+BU57+BU58+BU59 -> 108.1564 | BV55: =BV56+BV57+BV58+BV59 -> 122.7448 | BW55: =BW56+BW57+BW58+BW59 -> 112.106 | BX55: =BX56+BX57+BX58+BX59 -> 115.64041 | ... CB55: =CB56+CB57+CB58+CB59 -> 143.5668 | CC55: =SUM(BQ55:CB55) -> 1407.8441 | CD55: =CD56+CD57+CD58+CD59 -> 101.29218 | CE55: =CE56+CE57+CE58+CE59 -> 110.9696 | CP55: =HLOOKUP($E$2,$BQ$2:$CB$530,ROW()-1,0)-HLOOKUP($E$2,$DA$2:$DL$437,ROW()-1,0) -> #N/A | CQ55: =IFERROR(2-ABS(HLOOKUP($E$2,$BQ$2:$CB$530,ROW()-1,0)/HLOOKUP($E$2,$DA$2:$DL$437,ROW()-1,0)),0) -> 0 | CR55: =CE55-CD55 -> 9.6774161 | CS55: =CE55-BR55 -> 9.1686273 | CU55: =SUM(CD55:CO55) -> 212.26178 | CV55: =CU55-SUM(DA55:DB55) -> 212.26178 | CW55: =IFERROR(2-ABS(CU55/SUM(DA55:DB55)),0) -> 0 | CX55: =SUM(CD55:CE55)-SUM(BQ55:BR55) -> 6.748909 | DM55: =SUM(DA55:DL55) -> 0
C56: 임직원 급여 | AQ56: 66.803489 | AR56: 67.303398 | AS56: 64.43662 | AT56: 69.036024 | AU56: 67.265941 | AV56: 66.963161 | AW56: 69.21703 | AX56: 66.97123 | AY56: 66.352939 | AZ56: 66.343587 | BA56: 102.49686 | BB56: 73.704965 | BC56: 846.89524 | BD56: 68.556352 | BE56: 69.924755 | BF56: 62.772534 | BG56: 70.373974 | BH56: 70.250598 | BI56: 75.960435 | BJ56: 69.170667 | BK56: 70.176603 | BL56: 87.53155 | BM56: 85.387726 | BN56: 71.571217 | BO56: 77.674266 | BP56: 879.35068 | BQ56: 73.920034 | BR56: 75.645477 | BS56: 79.300362 | BT56: 76.33912 | BU56: 75.272432 | BV56: 74.957407 | BW56: 74.639422 | BX56: 74.248528 | BY56: 103.2134 | BZ56: 91.738943 | CA56: 75.114585 | CB56: 84.059314 | CC56: =SUM(BQ56:CB56) -> 958.44902 | CD56: 75.736574 | CE56: 77.565516 | CP56: =HLOOKUP($E$2,$BQ$2:$CB$530,ROW()-1,0)-HLOOKUP($E$2,$DA$2:$DL$437,ROW()-1,0) -> #N/A | CQ56: =IFERROR(2-ABS(HLOOKUP($E$2,$BQ$2:$CB$530,ROW()-1,0)/HLOOKUP($E$2,$DA$2:$DL$437,ROW()-1,0)),0) -> 0 | CR56: =CE56-CD56 -> 1.8289425 | CS56: =CE56-BR56 -> 1.9200394 | CU56: =SUM(CD56:CO56) -> 153.30209 | CV56: =CU56-SUM(DA56:DB56) -> 153.30209 | CW56: =IFERROR(2-ABS(CU56/SUM(DA56:DB56)),0) -> 0 | CX56: =SUM(CD56:CE56)-SUM(BQ56:BR56) -> 3.7365793 | DM56: =SUM(DA56:DL56) -> 0
C57: 포상비 | AQ57: 0.09037043 | AR57: 1.3526564 | AS57: 0.11977043 | AT57: 1.3193752 | AU57: 0.10357043 | AV57: 0.10597043 | AW57: 0.10477043 | AX57: 0.82647043 | AY57: 0.10597043 | AZ57: 1.5557009 | BA57: 0.18464724 | BB57: 2.1943183 | BC57: 8.0635911 | BD57: 0.10320023 | BE57: 0.15840023 | BF57: 0.15840023 | BG57: 1.367782 | BH57: 0.15840023 | BI57: 0.16240023 | BJ57: 0.08640023 | BK57: 0.32833488 | BL57: 1.3983253 | BM57: 0.21840023 | BN57: 1.5193152 | BO57: 1.4186274 | BP57: 7.0779863 | BQ57: 1.1560305 | BR57: 0.11543053 | BS57: 0.09743053 | BT57: 0.30543053 | BU57: 0.08643053 | BV57: 0.21243053 | BW57: 0.10143053 | BX57: 0.08543053 | BY57: 0.42693053 | BZ57: 0.17043053 | CA57: 0.27643053 | CB57: 3.9605763 | CC57: =SUM(BQ57:CB57) -> 6.9944121 | CD57: 0.12700044 | CE57: 0.12600044 | CP57: =HLOOKUP($E$2,$BQ$2:$CB$530,ROW()-1,0)-HLOOKUP($E$2,$DA$2:$DL$437,ROW()-1,0) -> #N/A | CQ57: =IFERROR(2-ABS(HLOOKUP($E$2,$BQ$2:$CB$530,ROW()-1,0)/HLOOKUP($E$2,$DA$2:$DL$437,ROW()-1,0)),0) -> 0 | CR57: =CE57-CD57 -> -0.001 | CS57: =CE57-BR57 -> 0.01056991 | CU57: =SUM(CD57:CO57) -> 0.25300088 | CV57: =CU57-SUM(DA57:DB57) -> 0.25300088 | CW57: =IFERROR(2-ABS(CU57/SUM(DA57:DB57)),0) -> 0 | CX57: =SUM(CD57:CE57)-SUM(BQ57:BR57) -> -1.0184602 | DM57: =SUM(DA57:DL57) -> 0
C58: 퇴직급여충당금 | AQ58: 6.6826682 | AR58: 6.6826682 | AS58: 6.6826682 | AT58: 6.6826682 | AU58: 6.6826682 | AV58: 6.6826682 | AW58: 6.6826682 | AX58: 6.6826682 | AY58: 6.6826682 | AZ58: 6.6826682 | BA58: 6.6826682 | BB58: -1.3099632 | BC58: 72.199387 | BD58: 6.4657752 | BE58: 6.4657752 | BF58: 6.4657752 | BG58: 6.4657752 | BH58: 6.4657752 | BI58: 6.4657752 | BJ58: 6.4657752 | BK58: 6.4657752 | BL58: 6.4657752 | BM58: 6.4657752 | BN58: 6.4657752 | BO58: 12.523563 | BP58: 83.64709 | BQ58: 7.4362771 | BR58: 7.4362771 | BS58: 7.4362771 | BT58: 7.4362771 | BU58: 7.4362771 | BV58: 7.4362771 | BW58: 7.4362771 | BX58: 7.4362771 | BY58: 7.4362771 | BZ58: 7.4362771 | CA58: 7.4362771 | CB58: 20.840936 | CC58: =SUM(BQ58:CB58) -> 102.63998 | CD58: 7.1066311 | CE58: 7.1066311 | CP58: =HLOOKUP($E$2,$BQ$2:$CB$530,ROW()-1,0)-HLOOKUP($E$2,$DA$2:$DL$437,ROW()-1,0) -> #N/A | CQ58: =IFERROR(2-ABS(HLOOKUP($E$2,$BQ$2:$CB$530,ROW()-1,0)/HLOOKUP($E$2,$DA$2:$DL$437,ROW()-1,0)),0) -> 0 | CR58: =CE58-CD58 -> 0 | CS58: =CE58-BR58 -> -0.32964593 | CU58: =SUM(CD58:CO58) -> 14.213262 | CV58: =CU58-SUM(DA58:DB58) -> 14.213262 | CW58: =IFERROR(2-ABS(CU58/SUM(DA58:DB58)),0) -> 0 | CX58: =SUM(CD58:CE58)-SUM(BQ58:BR58) -> -0.65929186 | DM58: =SUM(DA58:DL58) -> 0
C59: 복리후생비 | AQ59: 21.515121 | AR59: 19.404936 | AS59: 27.910483 | AT59: 26.591481 | AU59: 23.785202 | AV59: 21.665763 | AW59: 22.54983 | AX59: 20.17634 | AY59: 30.167 | AZ59: 20.21533 | BA59: 24.294685 | BB59: 24.972385 | BC59: 283.24856 | BD59: 16.711529 | BE59: 26.420654 | BF59: 23.235422 | BG59: 22.942253 | BH59: 22.070231 | BI59: 24.487784 | BJ59: 22.557873 | BK59: 27.037428 | BL59: 30.822892 | BM59: 25.676195 | BN59: 23.622867 | BO59: 35.453843 | BP59: 301.03897 | BQ59: 21.199558 | BR59: 18.603786 | BS59: 27.928682 | BT59: 25.847024 | BU59: 25.361255 | BV59: 40.138688 | BW59: 29.928871 | BX59: 33.87017 | BY59: 32.583244 | BZ59: 25.942441 | CA59: 23.65094 | CB59: 34.705973 | CC59: =SUM(BQ59:CB59) -> 339.76063 | CD59: 18.321976 | CE59: 26.17145 | CP59: =HLOOKUP($E$2,$BQ$2:$CB$530,ROW()-1,0)-HLOOKUP($E$2,$DA$2:$DL$437,ROW()-1,0) -> #N/A | CQ59: =IFERROR(2-ABS(HLOOKUP($E$2,$BQ$2:$CB$530,ROW()-1,0)/HLOOKUP($E$2,$DA$2:$DL$437,ROW()-1,0)),0) -> 0 | CR59: =CE59-CD59 -> 7.8494736 | CS59: =CE59-BR59 -> 7.5676639 | CU59: =SUM(CD59:CO59) -> 44.493426 | CV59: =CU59-SUM(DA59:DB59) -> 44.493426 | CW59: =IFERROR(2-ABS(CU59/SUM(DA59:DB59)),0) -> 0 | CX59: =SUM(CD59:CE59)-SUM(BQ59:BR59) -> 4.6900817 | DM59: =SUM(DA59:DL59) -> 0
C60: └ 복리포인트 | AQ60: 12.937913 | AR60: 10.866855 | AS60: 18.280156 | AT60: 14.663401 | AU60: 10.721816 | AV60: 11.557473 | AW60: 11.230439 | AX60: 8.3603743 | AY60: 16.228107 | AZ60: 10.137635 | BA60: 13.544252 | BB60: 6.2678041 | BC60: 144.79623 | BD60: 7.5321794 | BE60: 14.454308 | BF60: 12.52054 | BG60: 10.60197 | BH60: 11.551881 | BI60: 12.936838 | BJ60: 11.875371 | BK60: 15.285018 | BL60: 16.474594 | BM60: 14.301254 | BN60: 12.213801 | BO60: 10.545793 | BP60: 150.29355 | BQ60: 9.6499583 | BR60: 6.3796056 | BS60: 15.641191 | BT60: 12.396531 | BU60: 13.046445 | BV60: 16.806992 | BW60: 18.78526 | BX60: 21.300872 | BY60: 14.669675 | BZ60: 15.115385 | CA60: 12.45234 | CB60: 9.888323 | CC60: =SUM(BQ60:CB60) -> 166.13258 | CD60: 8.7674065 | CE60: 12.494702 | CP60: =HLOOKUP($E$2,$BQ$2:$CB$530,ROW()-1,0)-HLOOKUP($E$2,$DA$2:$DL$437,ROW()-1,0) -> #N/A | CQ60: =IFERROR(2-ABS(HLOOKUP($E$2,$BQ$2:$CB$530,ROW()-1,0)/HLOOKUP($E$2,$DA$2:$DL$437,ROW()-1,0)),0) -> 0 | CR60: =CE60-CD60 -> 3.727295 | CS60: =CE60-BR60 -> 6.1150959 | CU60: =SUM(CD60:CO60) -> 21.262108 | CV60: =CU60-SUM(DA60:DB60) -> 21.262108 | CW60: =IFERROR(2-ABS(CU60/SUM(DA60:DB60)),0) -> 0 | CX60: =SUM(CD60:CE60)-SUM(BQ60:BR60) -> 5.2325442 | DM60: =SUM(DA60:DL60) -> 0
B61: 마케팅비 | F61: 15.807569 | G61: 15.656174 | H61: 18.299156 | I61: 19.011032 | J61: 23.668794 | K61: 22.876376 | L61: 27.241441 | M61: 23.921398 | N61: 19.618334 | O61: 34.063408 | P61: 49.401448 | Q61: 40.229439 | R61: 21.800728 | S61: 25.919361 | T61: 26.086665 | U61: 21.886747 | V61: 29.485149 | W61: 26.800679 | X61: 24.423402 | Y61: 24.358798 | Z61: 29.864575 | AA61: 34.864014 | AB61: 36.958984 | AC61: 57.026608 | AD61: 13.88 | AE61: 34.797 | AF61: 40.422 | AG61: 34.154928 | AH61: 36.149873 | AI61: 35.885015 | AJ61: 34.195826 | AK61: 40.841606 | AL61: 48.167513 | AM61: 35.87409 | AN61: 26.269001 | AO61: 142.00235 | AQ61: 10.679466 | AR61: 31.841216 | AS61: 29.512413 | AT61: 23.364959 | AU61: 26.602807 | AV61: 62.799808 | AW61: 39.640826 | AX61: 37.467097 | AY61: 68.505533 | AZ61: 87.523076 | BA61: 27.475329 | BB61: 76.548075 | BC61: 521.96061 | BD61: =BD62+BD63+BD64 -> 46.452414 | BE61: =BE62+BE63+BE64 -> 16.186964 | BF61: =BF62+BF63+BF64 -> 16.94591 | BG61: =BG62+BG63+BG64 -> 21.012653 | BH61: =BH62+BH63+BH64 -> 15.721534 | BI61: =BI62+BI63+BI64 -> 15.484491 | BJ61: =BJ62+BJ63+BJ64 -> 30.926563 | BK61: =BK62+BK63+BK64 -> 22.904375 | ... BO61: =BO62+BO63+BO64 -> 24.116262 | BP61: 345.42213 | BQ61: =BQ62+BQ63+BQ64 -> 34.653542 | BR61: =BR62+BR63+BR64 -> 23.679221 | BS61: =BS62+BS63+BS64 -> 16.000664 | BT61: =BT62+BT63+BT64 -> 19.542286 | BU61: =BU62+BU63+BU64 -> 28.596062 | BV61: =BV62+BV63+BV64 -> 34.749232 | BW61: =BW62+BW63+BW64 -> 48.320245 | BX61: =BX62+BX63+BX64 -> 21.570287 | ... CB61: =CB62+CB63+CB64 -> 71.012071 | CC61: =SUM(BQ61:CB61) -> 448.3293 | CD61: =CD62+CD63+CD64 -> 33.166816 | CE61: =CE62+CE63+CE64 -> 28.869202 | CP61: =HLOOKUP($E$2,$BQ$2:$CB$530,ROW()-1,0)-HLOOKUP($E$2,$DA$2:$DL$437,ROW()-1,0) -> #N/A | CQ61: =IFERROR(2-ABS(HLOOKUP($E$2,$BQ$2:$CB$530,ROW()-1,0)/HLOOKUP($E$2,$DA$2:$DL$437,ROW()-1,0)),0) -> 0 | CR61: =CE61-CD61 -> -4.2976144 | CS61: =CE61-BR61 -> 5.1899808 | CU61: =SUM(CD61:CO61) -> 62.036018 | CV61: =CU61-SUM(DA61:DB61) -> 62.036018 | CW61: =IFERROR(2-ABS(CU61/SUM(DA61:DB61)),0) -> 0 | CX61: =SUM(CD61:CE61)-SUM(BQ61:BR61) -> 3.7032546 | DM61: =SUM(DA61:DL61) -> 0
C62: 판매수수료 | AQ62: 6.8452379 | AR62: 25.215926 | AS62: 23.329442 | AT62: 18.473232 | AU62: 21.26155 | AV62: 36.510204 | AW62: 31.86521 | AX62: 28.146494 | AY62: 48.284568 | AZ62: 36.554268 | BA62: 27.230965 | BB62: 19.341758 | BC62: 323.05885 | BD62: 15.366758 | BE62: 8.2050925 | BF62: 11.042471 | BG62: 9.9016139 | BH62: 9.2817297 | BI62: 6.8554462 | BJ62: 17.892586 | BK62: 10.878145 | BL62: 12.295308 | BM62: 35.295936 | BN62: 16.594002 | BO62: 13.849412 | BP62: 167.4585 | BQ62: 6.0935523 | BR62: 10.304066 | BS62: 9.0780226 | BT62: 7.6568158 | BU62: 15.846036 | BV62: 15.878933 | BW62: 7.4660656 | BX62: 5.3527087 | BY62: 17.431917 | BZ62: 3.9416184 | CA62: 37.784168 | CB62: 17.444953 | CC62: =SUM(BQ62:CB62) -> 154.27886 | CD62: 8.3941738 | CE62: 3.0241845 | CP62: =HLOOKUP($E$2,$BQ$2:$CB$530,ROW()-1,0)-HLOOKUP($E$2,$DA$2:$DL$437,ROW()-1,0) -> #N/A | CQ62: =IFERROR(2-ABS(HLOOKUP($E$2,$BQ$2:$CB$530,ROW()-1,0)/HLOOKUP($E$2,$DA$2:$DL$437,ROW()-1,0)),0) -> 0 | CR62: =CE62-CD62 -> -5.3699893 | CS62: =CE62-BR62 -> -7.2798817 | CU62: =SUM(CD62:CO62) -> 11.418358 | CV62: =CU62-SUM(DA62:DB62) -> 11.418358 | CW62: =IFERROR(2-ABS(CU62/SUM(DA62:DB62)),0) -> 0 | CX62: =SUM(CD62:CE62)-SUM(BQ62:BR62) -> -4.9792602 | DM62: =SUM(DA62:DL62) -> 0
C63: 판매촉진비 | AQ63: 3.8342282 | AR63: 6.6252907 | AS63: 6.1548808 | AT63: 4.8817269 | AU63: 5.3314391 | AV63: 26.28124 | AW63: 7.4541614 | AX63: 9.0224237 | AY63: 20.216238 | AZ63: 50.534639 | BA63: 0.23881802 | BB63: 57.084023 | BC63: 197.65911 | BD63: 30.881655 | BE63: 7.7105125 | BF63: 5.899621 | BG63: 10.740221 | BH63: 6.4147133 | BI63: 8.5998171 | BJ63: 12.76934 | BK63: 11.896321 | BL63: 33.117933 | BM63: 19.795413 | BN63: 17.710272 | BO63: 9.9383545 | BP63: 175.47417 | BQ63: 28.2784 | BR63: 12.975017 | BS63: 6.7345115 | BT63: 11.50281 | BU63: 12.477606 | BV63: 18.479929 | BW63: 39.693809 | BX63: 15.493479 | BY63: 35.067863 | BZ63: 26.72763 | CA63: 27.82298 | CB63: 52.578218 | CC63: =SUM(BQ63:CB63) -> 287.83225 | CD63: 24.486672 | CE63: 25.266787 | CP63: =HLOOKUP($E$2,$BQ$2:$CB$530,ROW()-1,0)-HLOOKUP($E$2,$DA$2:$DL$437,ROW()-1,0) -> #N/A | CQ63: =IFERROR(2-ABS(HLOOKUP($E$2,$BQ$2:$CB$530,ROW()-1,0)/HLOOKUP($E$2,$DA$2:$DL$437,ROW()-1,0)),0) -> 0 | CR63: =CE63-CD63 -> 0.78011485 | CS63: =CE63-BR63 -> 12.29177 | CU63: =SUM(CD63:CO63) -> 49.753459 | CV63: =CU63-SUM(DA63:DB63) -> 49.753459 | CW63: =IFERROR(2-ABS(CU63/SUM(DA63:DB63)),0) -> 0 | CX63: =SUM(CD63:CE63)-SUM(BQ63:BR63) -> 8.500042 | DM63: =SUM(DA63:DL63) -> 0
C64: 광고선전비 | AQ64: 0 | AR64: 0 | AS64: 0.02809091 | AT64: 0.01 | AU64: 0.00981818 | AV64: 0.00836364 | AW64: 0.32145454 | AX64: 0.29818 | AY64: 0.00472727 | AZ64: 0.43416909 | BA64: 0.00554545 | BB64: 0.12229454 | BC64: 1.2426436 | BD64: 0.204 | BE64: 0.27135909 | BF64: 0.00381818 | BG64: 0.37081818 | BH64: 0.02509091 | BI64: 0.02922727 | BJ64: 0.26463636 | BK64: 0.12990909 | BL64: 0.32010727 | BM64: 0.20619 | BN64: 0.3358 | BO64: 0.32849546 | BP64: 2.4894518 | BQ64: 0.28159 | BR64: 0.40013727 | BS64: 0.18813 | BT64: 0.38266 | BU64: 0.27242 | BV64: 0.39037 | BW64: 1.16037 | BX64: 0.7241 | BY64: 0.84063008 | BZ64: 0.34327 | CA64: 0.24561 | CB64: 0.9889 | CC64: =SUM(BQ64:CB64) -> 6.2181874 | CD64: 0.28597 | CE64: 0.57823 | CP64: =HLOOKUP($E$2,$BQ$2:$CB$530,ROW()-1,0)-HLOOKUP($E$2,$DA$2:$DL$437,ROW()-1,0) -> #N/A | CQ64: =IFERROR(2-ABS(HLOOKUP($E$2,$BQ$2:$CB$530,ROW()-1,0)/HLOOKUP($E$2,$DA$2:$DL$437,ROW()-1,0)),0) -> 0 | CR64: =CE64-CD64 -> 0.29226 | CS64: =CE64-BR64 -> 0.17809273 | CU64: =SUM(CD64:CO64) -> 0.8642 | CV64: =CU64-SUM(DA64:DB64) -> 0.8642 | CW64: =IFERROR(2-ABS(CU64/SUM(DA64:DB64)),0) -> 0 | CX64: =SUM(CD64:CE64)-SUM(BQ64:BR64) -> 0.18247273 | DM64: =SUM(DA64:DL64) -> 0
B65: 임차관리비 | F65: 11.597407 | G65: 10.474318 | H65: -6.0585149 | I65: 9.8427788 | J65: 9.8762554 | K65: -6.1023281 | L65: 9.9148649 | M65: 9.7911897 | N65: -5.5602502 | O65: 9.4467309 | P65: 9.1736683 | Q65: -6.2604693 | R65: 9.5996665 | S65: 9.4277649 | T65: -5.2764109 | U65: 8.7969588 | V65: 8.537728 | W65: -5.3879821 | X65: 8.8899211 | Y65: 8.9729632 | Z65: -4.6391661 | AA65: 8.544541 | AB65: 8.3468631 | AC65: -4.4352125 | AD65: 8.85 | AE65: 8.75 | AF65: -3.779 | AG65: 8.5071564 | AH65: 8.6323701 | AI65: -3.8660054 | AJ65: 8.5433068 | AK65: 9.73183 | AL65: -2.6617801 | AM65: 10.32735 | AN65: 10.31551 | AO65: -2.7685929 | AQ65: 10.924286 | AR65: 11.02049 | AS65: -5.80464 | AT65: 10.219751 | AU65: 10.169357 | AV65: -4.0439472 | AW65: 10.295732 | AX65: 11.114838 | AY65: -5.2930239 | AZ65: 10.29651 | BA65: 10.591515 | BB65: -5.2618351 | BC65: 64.229032 | BD65: =BD66+BD67 -> 10.579903 | BE65: =BE66+BE67 -> 10.850542 | BF65: =BF66+BF67 -> -4.1060644 | BG65: =BG66+BG67 -> 10.306897 | BH65: =BH66+BH67 -> 10.203262 | BI65: =BI66+BI67 -> -4.7555993 | BJ65: =BJ66+BJ67 -> 11.167045 | BK65: =BK66+BK67 -> 10.868685 | ... BN65: =BN66+BN67 -> 8.7198937 | BO65: -6.6629302 | BP65: 60.903768 | BQ65: =BQ66+BQ67 -> 9.7151188 | BR65: =BR66+BR67 -> 9.6380251 | BS65: =BS66+BS67 -> -5.9214587 | BT65: =BT66+BT67 -> 9.2180414 | BU65: =BU66+BU67 -> 9.1481608 | BV65: =BV66+BV67 -> -6.5223599 | BW65: =BW66+BW67 -> 9.5283527 | BX65: =BX66+BX67 -> 9.9940479 | ... CB65: =CB66+CB67 -> -5.9332801 | CC65: =SUM(BQ65:CB65) -> 53.151514 | CD65: =CD66+CD67 -> 10.843325 | CE65: =CE66+CE67 -> 9.9420304 | CP65: =HLOOKUP($E$2,$BQ$2:$CB$530,ROW()-1,0)-HLOOKUP($E$2,$DA$2:$DL$437,ROW()-1,0) -> #N/A | CQ65: =IFERROR(2-ABS(HLOOKUP($E$2,$BQ$2:$CB$530,ROW()-1,0)/HLOOKUP($E$2,$DA$2:$DL$437,ROW()-1,0)),0) -> 0 | CR65: =CE65-CD65 -> -0.90129444 | CS65: =CE65-BR65 -> 0.30400532 | CU65: =SUM(CD65:CO65) -> 20.785355 | CV65: =CU65-SUM(DA65:DB65) -> 20.785355 | CW65: =IFERROR(2-ABS(CU65/SUM(DA65:DB65)),0) -> 0 | CX65: =SUM(CD65:CE65)-SUM(BQ65:BR65) -> 1.4322114 | DM65: =SUM(DA65:DL65) -> 0
C66: 지급임차료 | AQ66: 10.067227 | AR66: 10.079497 | AS66: -6.597504 | AT66: 9.6163084 | AU66: 9.6299869 | AV66: -4.6677411 | AW66: 9.5611005 | AX66: 10.153815 | AY66: -6.1497044 | AZ66: 9.6736029 | BA66: 10.018113 | BB66: -5.9612164 | BC66: 55.423486 | BD66: 9.7662714 | BE66: 9.9195291 | BF66: -4.8525514 | BG66: 9.6943936 | BH66: 9.6287926 | BI66: -5.3636932 | BJ66: 10.381918 | BK66: 9.8843124 | BL66: -6.4978605 | BM66: 8.5749516 | BN66: 8.1595567 | BO66: -7.3861428 | BP66: 51.909478 | BQ66: 8.8945883 | BR66: 8.7579191 | BS66: -6.7442279 | BT66: 8.6368534 | BU66: 8.6179002 | BV66: -7.0925131 | BW66: 8.8066315 | BX66: 9.1612363 | BY66: -6.718819 | BZ66: 9.1146556 | CA66: 9.9594285 | CB66: -6.5082548 | CC66: =SUM(BQ66:CB66) -> 44.885398 | CD66: 10.097558 | CE66: 9.1168889 | CP66: =HLOOKUP($E$2,$BQ$2:$CB$530,ROW()-1,0)-HLOOKUP($E$2,$DA$2:$DL$437,ROW()-1,0) -> #N/A | CQ66: =IFERROR(2-ABS(HLOOKUP($E$2,$BQ$2:$CB$530,ROW()-1,0)/HLOOKUP($E$2,$DA$2:$DL$437,ROW()-1,0)),0) -> 0 | CR66: =CE66-CD66 -> -0.980669 | CS66: =CE66-BR66 -> 0.35896979 | CU66: =SUM(CD66:CO66) -> 19.214447 | CV66: =CU66-SUM(DA66:DB66) -> 19.214447 | CW66: =IFERROR(2-ABS(CU66/SUM(DA66:DB66)),0) -> 0 | CX66: =SUM(CD66:CE66)-SUM(BQ66:BR66) -> 1.5619393 | DM66: =SUM(DA66:DL66) -> 0
C67: 수도광열비 | AQ67: 0.85705912 | AR67: 0.94099297 | AS67: 0.792864 | AT67: 0.60344215 | AU67: 0.53936983 | AV67: 0.62379388 | AW67: 0.73463151 | AX67: 0.96102294 | AY67: 0.85668051 | AZ67: 0.62290697 | BA67: 0.57340108 | BB67: 0.69938127 | BC67: 8.8055462 | BD67: 0.81363117 | BE67: 0.93101247 | BF67: 0.74648701 | BG67: 0.61250384 | BH67: 0.57446894 | BI67: 0.60809388 | BJ67: 0.78512665 | BK67: 0.9843731 | BL67: 0.92335248 | BM67: 0.73169117 | BN67: 0.56033702 | BO67: 0.72321263 | BP67: 8.9942904 | BQ67: 0.82053048 | BR67: 0.88010606 | BS67: 0.82276914 | BT67: 0.58118793 | BU67: 0.53026055 | BV67: 0.57015319 | BW67: 0.72172119 | BX67: 0.83281161 | BY67: 0.78448392 | BZ67: 0.62359115 | CA67: 0.52352583 | CB67: 0.5749747 | CC67: =SUM(BQ67:CB67) -> 8.2661158 | CD67: 0.74576703 | CE67: 0.82514159 | CP67: =HLOOKUP($E$2,$BQ$2:$CB$530,ROW()-1,0)-HLOOKUP($E$2,$DA$2:$DL$437,ROW()-1,0) -> #N/A | CQ67: =IFERROR(2-ABS(HLOOKUP($E$2,$BQ$2:$CB$530,ROW()-1,0)/HLOOKUP($E$2,$DA$2:$DL$437,ROW()-1,0)),0) -> 0 | CR67: =CE67-CD67 -> 0.07937456 | CS67: =CE67-BR67 -> -0.05496447 | CU67: =SUM(CD67:CO67) -> 1.5709086 | CV67: =CU67-SUM(DA67:DB67) -> 1.5709086 | CW67: =IFERROR(2-ABS(CU67/SUM(DA67:DB67)),0) -> 0 | CX67: =SUM(CD67:CE67)-SUM(BQ67:BR67) -> -0.12972792 | DM67: =SUM(DA67:DL67) -> 0
B68: 감가상각비 | F68: 1.844195 | G68: 1.790879 | H68: 17.572635 | I68: 1.6922991 | J68: 1.6372881 | K68: 16.473229 | L68: 1.5614584 | M68: 1.4991224 | N68: 15.570008 | O68: 1.2882389 | P68: 1.2643027 | Q68: 14.820513 | R68: 1.2040129 | S68: 1.1966829 | T68: 14.523819 | U68: 1.1806222 | V68: 1.1701975 | W68: 14.090149 | X68: 1.1379749 | Y68: 1.1343646 | Z68: 13.599379 | AA68: 1.1106426 | AB68: 1.0975936 | AC68: 12.57087 | AD68: 1.09 | AE68: 1.091 | AF68: 1.263 | AG68: 1.1292596 | AH68: 1.1194171 | AI68: 12.272413 | AJ68: 1.1096662 | AK68: 1.1080226 | AL68: 13.78101 | AM68: 0.69966214 | AN68: 0.70322174 | AO68: 14.550508 | AQ68: 0.74262207 | AR68: 0.7744554 | AS68: 14.416924 | AT68: 0.78998683 | AU68: 0.79131074 | AV68: 14.503236 | AW68: 0.90104267 | AX68: 0.88435212 | AY68: 14.650685 | AZ68: 0.8928802 | BA68: 0.86426655 | BB68: 14.156612 | BC68: 64.368374 | BD68: 0.87261594 | BE68: 0.6763382 | BF68: 14.193982 | BG68: 0.6855932 | BH68: 0.68502802 | BI68: 14.313232 | BJ68: 0.66797169 | BK68: 0.66797169 | BL68: 14.982724 | BM68: 0.66797173 | BN68: 0.6629895 | BO68: 14.582854 | BP68: 63.659272 | BQ68: 0.6542659 | BR68: 0.6542659 | BS68: 14.606177 | BT68: 0.64824418 | BU68: 0.64533783 | BV68: 14.500262 | BW68: 0.64204667 | BX68: 0.64204667 | BY68: 14.77111 | BZ68: 0.63622779 | CA68: 0.63622779 | CB68: 14.845402 | CC68: =SUM(BQ68:CB68) -> 63.881613 | CD68: 0.3481308 | CE68: 0.3481308 | CP68: =HLOOKUP($E$2,$BQ$2:$CB$530,ROW()-1,0)-HLOOKUP($E$2,$DA$2:$DL$437,ROW()-1,0) -> #N/A | CQ68: =IFERROR(2-ABS(HLOOKUP($E$2,$BQ$2:$CB$530,ROW()-1,0)/HLOOKUP($E$2,$DA$2:$DL$437,ROW()-1,0)),0) -> 0 | CR68: =CE68-CD68 -> 0 | CS68: =CE68-BR68 -> -0.3061351 | CU68: =SUM(CD68:CO68) -> 0.6962616 | CV68: =CU68-SUM(DA68:DB68) -> 0.6962616 | CW68: =IFERROR(2-ABS(CU68/SUM(DA68:DB68)),0) -> 0 | CX68: =SUM(CD68:CE68)-SUM(BQ68:BR68) -> -0.6122702 | DM68: =SUM(DA68:DL68) -> 0
B69: 기타운영비 | F69: 27.660554 | G69: 18.487484 | H69: 17.471827 | I69: 16.86053 | J69: 17.028907 | K69: 18.084047 | L69: 17.787093 | M69: 18.243677 | N69: 16.81266 | O69: 16.453237 | P69: 19.021119 | Q69: 23.77686 | R69: 25.080497 | S69: 16.589972 | T69: 16.30999 | U69: 17.572574 | V69: 16.414671 | W69: 22.007547 | X69: 26.616913 | Y69: 19.865706 | Z69: 20.905572 | AA69: 25.726457 | AB69: 22.327589 | AC69: 45.154169 | AD69: =AD54-SUM(AD55:AD68) -> 18.29 | AE69: =AE54-SUM(AE55:AE68) -> 19.095 | AF69: =AF54-AF55-AF61-AF65-AF68 -> 32.574 | AG69: 24.665247 | AH69: 21.646934 | AI69: 20.911674 | AJ69: 29.878106 | AK69: 25.182821 | AL69: 22.271547 | AM69: 24.760877 | AN69: 22.990644 | AO69: 34.386595 | AQ69: 21.705429 | AR69: 22.274147 | AS69: 24.031704 | AT69: 23.141441 | AU69: 20.82382 | AV69: 23.691169 | AW69: 24.491007 | AX69: 29.984173 | AY69: 21.673296 | AZ69: 31.177397 | BA69: 29.200434 | BB69: 33.672514 | BC69: 305.86653 | BD69: 25.772777 | BE69: 28.175301 | BF69: 23.288168 | BG69: 24.295301 | BH69: 23.049771 | BI69: 24.794104 | BJ69: 36.08452 | BK69: 36.024651 | BL69: 33.082772 | BM69: 37.457633 | BN69: 28.921465 | BO69: 40.78405 | BP69: 361.73051 | BQ69: 27.11753 | BR69: 30.303053 | BS69: 24.44086 | BT69: 28.862477 | BU69: 28.879 | BV69: 29.676163 | BW69: 36.133007 | BX69: 28.585263 | BY69: 38.206048 | BZ69: 27.326481 | CA69: 34.553814 | CB69: 51.147992 | CC69: =SUM(BQ69:CB69) -> 385.23169 | CD69: 28.152141 | CE69: 29.470009 | CP69: =HLOOKUP($E$2,$BQ$2:$CB$530,ROW()-1,0)-HLOOKUP($E$2,$DA$2:$DL$437,ROW()-1,0) -> #N/A | CQ69: =IFERROR(2-ABS(HLOOKUP($E$2,$BQ$2:$CB$530,ROW()-1,0)/HLOOKUP($E$2,$DA$2:$DL$437,ROW()-1,0)),0) -> 0 | CR69: =CE69-CD69 -> 1.3178684 | CS69: =CE69-BR69 -> -0.83304332 | CU69: =SUM(CD69:CO69) -> 57.62215 | CV69: =CU69-SUM(DA69:DB69) -> 57.62215 | CW69: =IFERROR(2-ABS(CU69/SUM(DA69:DB69)),0) -> 0 | CX69: =SUM(CD69:CE69)-SUM(BQ69:BR69) -> 0.20156756 | DM69: =SUM(DA69:DL69) -> 0
C70: 지급수수료 | D70: IT유지보수대행, 서비스이용료, 전문가자문료 등 | F70: 8.9343964 | G70: 8.5207308 | H70: 7.9305404 | I70: 7.8399078 | J70: 7.6337867 | K70: 7.2442957 | L70: 7.6686047 | M70: 7.4987104 | N70: 7.3054882 | O70: 7.213475 | P70: 7.1693105 | Q70: 12.498286 | R70: 6.9032117 | S70: 6.7695901 | T70: 6.6419764 | U70: 7.4492326 | V70: 6.8656929 | W70: 10.863175 | X70: 14.25037 | Y70: 7.5903318 | Z70: 8.2488507 | AA70: 12.503495 | AB70: 8.6783266 | AC70: 18.173899 | AD70: 8.01 | AE70: 7.963 | AF70: 8.783 | AG70: 8.9954167 | AH70: 8.6188182 | AI70: 8.3979438 | AJ70: 8.6092223 | AK70: 10.422753 | AL70: 9.5851021 | AM70: 9.811293 | AN70: 9.5922288 | AO70: 15.079094 | AQ70: 8.8479043 | AR70: 9.3419312 | AS70: 10.980234 | AT70: 10.436992 | AU70: 9.4584486 | AV70: 11.983378 | AW70: 10.262751 | AX70: 11.067936 | AY70: 10.375607 | AZ70: 16.877777 | BA70: 16.068114 | BB70: 13.643913 | BC70: 139.34499 | BD70: 11.741474 | BE70: 15.763384 | BF70: 11.145962 | BG70: 12.136766 | BH70: 11.84232 | BI70: 10.867113 | BJ70: 13.252516 | BK70: 24.757367 | BL70: 20.26532 | BM70: 20.048122 | BN70: 14.703618 | BO70: 21.474506 | BP70: 187.99847 | BQ70: 14.259335 | BR70: 16.113742 | BS70: 13.015234 | BT70: 16.231489 | BU70: 15.242259 | BV70: 16.640125 | BW70: 18.045363 | BX70: 15.730022 | BY70: 21.169984 | BZ70: 13.592907 | CA70: 19.962046 | CB70: 29.776584 | CC70: =SUM(BQ70:CB70) -> 209.77909 | CD70: 10.473522 | CE70: 16.34543 | CP70: =HLOOKUP($E$2,$BQ$2:$CB$530,ROW()-1,0)-HLOOKUP($E$2,$DA$2:$DL$437,ROW()-1,0) -> #N/A | CQ70: =IFERROR(2-ABS(HLOOKUP($E$2,$BQ$2:$CB$530,ROW()-1,0)/HLOOKUP($E$2,$DA$2:$DL$437,ROW()-1,0)),0) -> 0 | CR70: =CE70-CD70 -> 5.8719077 | CS70: =CE70-BR70 -> 0.23168767 | CU70: =SUM(CD70:CO70) -> 26.818952 | CV70: =CU70-SUM(DA70:DB70) -> 26.818952 | CW70: =IFERROR(2-ABS(CU70/SUM(DA70:DB70)),0) -> 0 | CX70: =SUM(CD70:CE70)-SUM(BQ70:BR70) -> -3.554125 | DM70: =SUM(DA70:DL70) -> 0
C71: 회의비 | F71: 3.1169917 | G71: 2.9172136 | H71: 2.8514562 | I71: 3.0933115 | J71: 2.9419731 | K71: 3.4009307 | L71: 3.1239982 | M71: 3.1093339 | N71: 2.8429794 | O71: 2.7414138 | P71: 3.396282 | Q71: 3.4943519 | R71: 2.5632952 | S71: 2.5303621 | T71: 3.0998887 | U71: 3.2353885 | V71: 3.0102145 | W71: 4.1704779 | X71: 3.5405753 | Y71: 3.4219849 | Z71: 3.4680099 | AA71: 3.07025 | AB71: 4.5271629 | AC71: 6.6871367 | AD71: 3.09 | AE71: 2.969 | AF71: 3.8332 | AG71: 5.0026002 | AH71: 4.295356 | AI71: 4.4958724 | AJ71: 11.509267 | AK71: 5.0029552 | AL71: 4.8132842 | AM71: 5.3628276 | AN71: 5.1983239 | AO71: 9.1828934 | AQ71: 4.7874434 | AR71: 4.7190378 | AS71: 5.1492114 | AT71: 5.5242319 | AU71: 4.6397592 | AV71: 4.8933604 | AW71: 5.45542 | AX71: 9.80742 | AY71: 4.3297332 | AZ71: 5.1007288 | BA71: 5.1294129 | BB71: 10.385882 | BC71: 69.921642 | BD71: 4.8833469 | BE71: 4.1316233 | BF71: 4.3862073 | BG71: 4.5711065 | BH71: 3.9897306 | BI71: 4.9188131 | BJ71: 5.3833424 | BK71: 3.8004313 | BL71: 4.11489 | BM71: 4.854162 | BN71: 4.2883192 | BO71: 9.9765167 | BP71: 59.298489 | BQ71: 4.3623994 | BR71: 4.3079149 | BS71: 4.2781094 | BT71: 4.9214913 | BU71: 4.272993 | BV71: 4.7569623 | BW71: 6.0612594 | BX71: 4.2144966 | BY71: 5.6789281 | BZ71: 4.3927413 | CA71: 4.8066262 | CB71: 10.477526 | CC71: =SUM(BQ71:CB71) -> 62.531448 | CD71: 4.7980857 | CE71: 3.8116239 | CP71: =HLOOKUP($E$2,$BQ$2:$CB$530,ROW()-1,0)-HLOOKUP($E$2,$DA$2:$DL$437,ROW()-1,0) -> #N/A | CQ71: =IFERROR(2-ABS(HLOOKUP($E$2,$BQ$2:$CB$530,ROW()-1,0)/HLOOKUP($E$2,$DA$2:$DL$437,ROW()-1,0)),0) -> 0 | CR71: =CE71-CD71 -> -0.98646182 | CS71: =CE71-BR71 -> -0.49629096 | CU71: =SUM(CD71:CO71) -> 8.6097096 | CV71: =CU71-SUM(DA71:DB71) -> 8.6097096 | CW71: =IFERROR(2-ABS(CU71/SUM(DA71:DB71)),0) -> 0 | CX71: =SUM(CD71:CE71)-SUM(BQ71:BR71) -> -0.06060465 | DM71: =SUM(DA71:DL71) -> 0
C72: 운반비 | F72: 3.1323659 | G72: 3.4545679 | H72: 3.5599177 | I72: 3.0549493 | J72: 3.548405 | K72: 3.2154571 | L72: 3.1850304 | M72: 4.0034411 | N72: 3.1647444 | O72: 3.4489374 | P72: 4.8413783 | Q72: 3.8076095 | R72: 4.2138669 | S72: 3.1981531 | T72: 3.3134863 | U72: 3.2323251 | V72: 3.2956618 | W72: 3.5523067 | X72: 3.617211 | Y72: 4.6127678 | Z72: 4.8668433 | AA72: 6.5011605 | AB72: 5.3065975 | AC72: 4.3862588 | AD72: 3.77 | AE72: 4.421 | AF72: 5.107 | AG72: 4.6066192 | AH72: 4.4238296 | AI72: 4.1789888 | AJ72: 3.7948033 | AK72: 5.1500114 | AL72: 3.5142616 | AM72: 5.4883955 | AN72: 4.0245764 | AO72: 4.0022746 | AQ72: 3.7744306 | AR72: 4.5356723 | AS72: 3.6766426 | AT72: 3.5140494 | AU72: 3.2922387 | AV72: 3.2212682 | AW72: 3.2527263 | AX72: 4.4197615 | AY72: 1.7097494 | AZ72: 5.1977552 | BA72: 3.3494185 | BB72: 3.5357142 | BC72: 43.479427 | BD72: 4.785187 | BE72: 3.9140839 | BF72: 3.5442021 | BG72: 3.2990308 | BH72: 3.2925166 | BI72: 2.9956428 | BJ72: 4.5471396 | BK72: 2.9864041 | BL72: 4.5855045 | BM72: 4.2619572 | BN72: 3.0647292 | BO72: 3.2496453 | BP72: 44.526043 | BQ72: 2.9436073 | BR72: 5.7717227 | BS72: 2.428642 | BT72: 3.2458544 | BU72: 3.926159 | BV72: 3.2319974 | BW72: 4.9644607 | BX72: 3.9632875 | BY72: 5.2455371 | BZ72: 3.9047527 | CA72: 3.6354604 | CB72: 4.0509594 | CC72: =SUM(BQ72:CB72) -> 47.312441 | CD72: 6.8304478 | CE72: 3.9094614 | CP72: =HLOOKUP($E$2,$BQ$2:$CB$530,ROW()-1,0)-HLOOKUP($E$2,$DA$2:$DL$437,ROW()-1,0) -> #N/A | CQ72: =IFERROR(2-ABS(HLOOKUP($E$2,$BQ$2:$CB$530,ROW()-1,0)/HLOOKUP($E$2,$DA$2:$DL$437,ROW()-1,0)),0) -> 0 | CR72: =CE72-CD72 -> -2.9209864 | CS72: =CE72-BR72 -> -1.8622612 | CU72: =SUM(CD72:CO72) -> 10.739909 | CV72: =CU72-SUM(DA72:DB72) -> 10.739909 | CW72: =IFERROR(2-ABS(CU72/SUM(DA72:DB72)),0) -> 0 | CX72: =SUM(CD72:CE72)-SUM(BQ72:BR72) -> 2.0245793 | DM72: =SUM(DA72:DL72) -> 0
C73: 교육훈련비 | F73: 0.92327653 | G73: 0.18033157 | H73: -0.02087551 | I73: 0.0215739 | J73: 0.05474981 | K73: 0.18775095 | L73: 0.63029646 | M73: 0.06982608 | N73: 0.17306066 | O73: 0.09791503 | P73: 0.61785699 | Q73: 0.29823572 | R73: 0.13022167 | S73: 0.14420661 | T73: 0.07645472 | U73: 0.20036014 | V73: 0.08413365 | W73: 0.2364103 | X73: 1.6559588 | Y73: 0.05258611 | Z73: 0.75991376 | AA73: 0.1555034 | AB73: 0.41205311 | AC73: 1.3067858 | AD73: 0.28 | AE73: 0.148 | AF73: 0.203 | AG73: 1.8033098 | AH73: 0.34016795 | AI73: 0.50743423 | AJ73: 1.9431941 | AK73: 0.26952854 | AL73: 0.45912398 | AM73: 0.53810976 | AN73: 0.65527902 | AO73: 1.7074564 | AQ73: 0.37074313 | AR73: 0.19139544 | AS73: 0.72206608 | AT73: 0.23643315 | AU73: 0.16831767 | AV73: 0.50467615 | AW73: 1.5878095 | AX73: 0.29247974 | AY73: 1.4525455 | AZ73: 0.46368649 | BA73: 1.3038084 | BB73: 1.1056763 | BC73: 8.3996376 | BD73: 0.37373183 | BE73: 0.32404678 | BF73: 0.27160269 | BG73: 0.62228342 | BH73: 0.25575594 | BI73: 1.7132512 | BJ73: 0.66974866 | BK73: -0.2569002 | BL73: 0.08823874 | BM73: 2.936788 | BN73: 1.6698198 | BO73: 0.76098816 | BP73: 9.429355 | BQ73: 0.30978331 | BR73: 0.14051783 | BS73: 0.23843495 | BT73: 0.27213749 | BU73: 0.83954356 | BV73: 0.28030896 | BW73: 1.8700327 | BX73: 0.32552112 | BY73: 0.28345769 | BZ73: 0.91638863 | CA73: 1.4335829 | CB73: 1.7233252 | CC73: =SUM(BQ73:CB73) -> 8.6330343 | CD73: 0.66630241 | CE73: 0.31455409 | CP73: =HLOOKUP($E$2,$BQ$2:$CB$530,ROW()-1,0)-HLOOKUP($E$2,$DA$2:$DL$437,ROW()-1,0) -> #N/A | CQ73: =IFERROR(2-ABS(HLOOKUP($E$2,$BQ$2:$CB$530,ROW()-1,0)/HLOOKUP($E$2,$DA$2:$DL$437,ROW()-1,0)),0) -> 0 | CR73: =CE73-CD73 -> -0.35174832 | CS73: =CE73-BR73 -> 0.17403626 | CU73: =SUM(CD73:CO73) -> 0.9808565 | CV73: =CU73-SUM(DA73:DB73) -> 0.9808565 | CW73: =IFERROR(2-ABS(CU73/SUM(DA73:DB73)),0) -> 0 | CX73: =SUM(CD73:CE73)-SUM(BQ73:BR73) -> 0.53055536 | DM73: =SUM(DA73:DL73) -> 0
C74: 통신비 | F74: 0.64366018 | G74: 0.61252482 | H74: 0.64661236 | I74: 0.61989929 | J74: 0.62676468 | K74: 1.647472 | L74: 0.6165484 | M74: 0.62583139 | N74: 0.64550195 | O74: 0.61954685 | P74: 0.72992207 | Q74: 0.71998021 | R74: 0.73348997 | S74: 0.73907361 | T74: 0.72103871 | U74: 0.72859599 | V74: 0.72045862 | W74: 0.67728333 | X74: 0.71461899 | Y74: 0.72173115 | Z74: 0.72437237 | AA74: 0.71427152 | AB74: 0.68198778 | AC74: 0.68942847 | AD74: 0.66 | AE74: 0.622 | AF74: 0.605 | AG74: 0.73191967 | AH74: 0.74015154 | AI74: 0.71318017 | AJ74: 0.70216376 | AK74: 0.71675483 | AL74: 0.77994112 | AM74: 0.74521369 | AN74: 0.72623054 | AO74: 0.74565241 | AQ74: 0.72808867 | AR74: 0.69870352 | AS74: 0.70535838 | AT74: 0.67027695 | AU74: 0.68592184 | AV74: 0.66882167 | AW74: 0.67242611 | AX74: 0.72176147 | AY74: 0.69012284 | AZ74: 0.6752486 | BA74: 0.67115392 | BB74: 0.65933745 | BC74: 8.2472214 | BD74: 0.67628157 | BE74: 0.70566116 | BF74: 0.64666603 | BG74: 0.63118427 | BH74: 0.65920036 | BI74: 0.64901309 | BJ74: 0.69913697 | BK74: 0.69358835 | BL74: 0.65433113 | BM74: 1.1674909 | BN74: 1.0395485 | BO74: 0.71941264 | BP74: 8.9415149 | BQ74: 0.74973583 | BR74: 0.76536135 | BS74: 0.73643846 | BT74: 0.73597349 | BU74: 0.74715329 | BV74: 0.78955468 | BW74: 0.84122897 | BX74: 0.82841229 | BY74: 0.79126619 | BZ74: 0.80618352 | CA74: 0.79709526 | CB74: 0.86447075 | CC74: =SUM(BQ74:CB74) -> 9.4528741 | CD74: 0.82020002 | CE74: 0.84212209 | CP74: =HLOOKUP($E$2,$BQ$2:$CB$530,ROW()-1,0)-HLOOKUP($E$2,$DA$2:$DL$437,ROW()-1,0) -> #N/A | CQ74: =IFERROR(2-ABS(HLOOKUP($E$2,$BQ$2:$CB$530,ROW()-1,0)/HLOOKUP($E$2,$DA$2:$DL$437,ROW()-1,0)),0) -> 0 | CR74: =CE74-CD74 -> 0.02192207 | CS74: =CE74-BR74 -> 0.07676074 | CU74: =SUM(CD74:CO74) -> 1.6623221 | CV74: =CU74-SUM(DA74:DB74) -> 1.6623221 | CW74: =IFERROR(2-ABS(CU74/SUM(DA74:DB74)),0) -> 0 | CX74: =SUM(CD74:CE74)-SUM(BQ74:BR74) -> 0.14722493 | DM74: =SUM(DA74:DL74) -> 0
C75: 차량유지비 | F75: 0.70689469 | G75: 0.71844575 | H75: 0.70641704 | I75: 0.64720896 | J75: 0.66428392 | K75: 0.69767897 | L75: 0.74471567 | M75: 0.6649534 | N75: 0.6555451 | O75: 0.64103891 | P75: 0.67264771 | Q75: 0.80100811 | R75: 0.74633941 | S75: 0.71166649 | T75: 0.75755239 | U75: 0.72459931 | V75: 0.73461242 | W75: 0.78524808 | X75: 0.8399731 | Y75: 0.76581009 | Z75: 0.74944797 | AA75: 0.75294245 | AB75: 0.79698428 | AC75: 0.81862465 | AD75: 0.8 | AE75: 0.778 | AF75: 0.7978 | AG75: 0.79307368 | AH75: 0.82824701 | AI75: 0.84973698 | AJ75: 0.91515 | AK75: 0.83909252 | AL75: 0.89576516 | AM75: 0.815171 | AN75: 0.87540094 | AO75: 0.88182331 | AQ75: 0.90245945 | AR75: 0.87151295 | AS75: 0.96471897 | AT75: 0.8427524 | AU75: 0.84903396 | AV75: 0.86525573 | AW75: 0.91178784 | AX75: 0.95754008 | AY75: 0.89888686 | AZ75: 0.88429378 | BA75: 0.88864018 | BB75: 0.96801378 | BC75: 10.804896 | BD75: 1.0030509 | BE75: 0.9088518 | BF75: 0.9248898 | BG75: 0.89238588 | BH75: 0.88310844 | BI75: 0.96327996 | BJ75: 0.99145843 | BK75: 1.0159487 | BL75: 0.9302277 | BM75: 0.9583039 | BN75: 1.0913378 | BO75: 1.0849166 | BP75: 11.64776 | BQ75: 1.0541665 | BR75: 1.1232548 | BS75: 1.0805552 | BT75: 1.019034 | BU75: 1.0140567 | BV75: 0.99325541 | BW75: 1.1109966 | BX75: 1.0648883 | BY75: 1.1206714 | BZ75: 0.99567847 | CA75: 1.1094134 | CB75: 1.1916607 | CC75: =SUM(BQ75:CB75) -> 12.877631 | CD75: 1.160247 | CE75: 1.0258059 | CP75: =HLOOKUP($E$2,$BQ$2:$CB$530,ROW()-1,0)-HLOOKUP($E$2,$DA$2:$DL$437,ROW()-1,0) -> #N/A | CQ75: =IFERROR(2-ABS(HLOOKUP($E$2,$BQ$2:$CB$530,ROW()-1,0)/HLOOKUP($E$2,$DA$2:$DL$437,ROW()-1,0)),0) -> 0 | CR75: =CE75-CD75 -> -0.13444116 | CS75: =CE75-BR75 -> -0.09744893 | CU75: =SUM(CD75:CO75) -> 2.1860529 | CV75: =CU75-SUM(DA75:DB75) -> 2.1860529 | CW75: =IFERROR(2-ABS(CU75/SUM(DA75:DB75)),0) -> 0 | CX75: =SUM(CD75:CE75)-SUM(BQ75:BR75) -> 0.00863163 | DM75: =SUM(DA75:DL75) -> 0
C76: 기타비용 | D76: 보험료, 접대비, 여비교통비, 세금과공과 등 | F76: 10.202969 | G76: 2.0836691 | H76: 1.797759 | I76: 1.5836789 | J76: 1.5589439 | K76: 1.6904619 | L76: 1.8178991 | M76: 2.2715805 | N76: 2.0253407 | O76: 1.6909102 | P76: 1.593721 | Q76: 2.1573882 | R76: 9.7900722 | S76: 2.4969196 | T76: 1.699593 | U76: 2.0020725 | V76: 1.7038973 | W76: 1.7226449 | X76: 1.9982059 | Y76: 2.700494 | Z76: 2.0881341 | AA76: 2.0288339 | AB76: 1.924477 | AC76: 13.092036 | AD76: =AD69-SUM(AD70:AD75) -> 1.68 | AE76: =AE69-SUM(AE70:AE75) -> 2.194 | AF76: =AF69-SUM(AF70:AF75) -> 13.245 | AG76: 2.7323077 | AH76: 2.4003636 | AI76: 1.7685172 | AJ76: 2.4043056 | AK76: 2.7817259 | AL76: 2.2240688 | AM76: 1.9998664 | AN76: 1.9186045 | AO76: 2.7874007 | AQ76: 2.2943594 | AR76: 1.9158937 | AS76: 1.8334729 | AT76: 1.9167059 | AU76: 1.7301005 | AV76: 1.5544081 | AW76: 2.3480861 | AX76: 2.7172736 | AY76: 2.2166508 | AZ76: 1.9779073 | BA76: 1.7898858 | BB76: 3.3739771 | BC76: 25.668721 | BD76: =BD69-BD70-BD71-BD72-BD73-BD74-BD75 -> 2.3097049 | BE76: =BE69-BE70-BE71-BE72-BE73-BE74-BE75 -> 2.42765 | BF76: =BF69-BF70-BF71-BF72-BF73-BF74-BF75 -> 2.3686382 | BG76: =BG69-BG70-BG71-BG72-BG73-BG74-BG75 -> 2.1425441 | BH76: =BH69-BH70-BH71-BH72-BH73-BH74-BH75 -> 2.1271384 | BI76: =BI69-BI70-BI71-BI72-BI73-BI74-BI75 -> 2.6869905 | BJ76: =BJ69-BJ70-BJ71-BJ72-BJ73-BJ74-BJ75 -> 10.541178 | BK76: =BK69-BK70-BK71-BK72-BK73-BK74-BK75 -> 3.0278118 | ... BN76: =BN69-BN70-BN71-BN72-BN73-BN74-BN75 -> 3.0640922 | BO76: 3.5180647 | BP76: 39.888881 | BQ76: =BQ69-BQ70-BQ71-BQ72-BQ73-BQ74-BQ75 -> 3.4385026 | BR76: =BR69-BR70-BR71-BR72-BR73-BR74-BR75 -> 2.0805388 | BS76: =BS69-BS70-BS71-BS72-BS73-BS74-BS75 -> 2.6634456 | BT76: =BT69-BT70-BT71-BT72-BT73-BT74-BT75 -> 2.4364969 | BU76: =BU69-BU70-BU71-BU72-BU73-BU74-BU75 -> 2.8368363 | BV76: =BV69-BV70-BV71-BV72-BV73-BV74-BV75 -> 2.9839588 | BW76: =BW69-BW70-BW71-BW72-BW73-BW74-BW75 -> 3.2396657 | BX76: =BX69-BX70-BX71-BX72-BX73-BX74-BX75 -> 2.4586344 | ... CB76: =CB69-CB70-CB71-CB72-CB73-CB74-CB75 -> 3.0634664 | CC76: =SUM(BQ76:CB76) -> 34.645168 | CD76: =CD69-CD70-CD71-CD72-CD73-CD74-CD75 -> 3.4033356 | CE76: =CE69-CE70-CE71-CE72-CE73-CE74-CE75 -> 3.2210119 | CP76: =HLOOKUP($E$2,$BQ$2:$CB$530,ROW()-1,0)-HLOOKUP($E$2,$DA$2:$DL$437,ROW()-1,0) -> #N/A | CQ76: =IFERROR(2-ABS(HLOOKUP($E$2,$BQ$2:$CB$530,ROW()-1,0)/HLOOKUP($E$2,$DA$2:$DL$437,ROW()-1,0)),0) -> 0 | CR76: =CE76-CD76 -> -0.18232368 | CS76: =CE76-BR76 -> 1.1404731 | CU76: =SUM(CD76:CO76) -> 6.6243475 | CV76: =CU76-SUM(DA76:DB76) -> 6.6243475 | CW76: =IFERROR(2-ABS(CU76/SUM(DA76:DB76)),0) -> 0 | CX76: =SUM(CD76:CE76)-SUM(BQ76:BR76) -> 1.1053061 | DM76: =SUM(DA76:DL76) -> 0
A78: 영업이익 | F78: -5.4226715 | G78: 7.1744013 | H78: -5.8612177 | I78: 10.417824 | J78: 10.266654 | K78: -9.3010732 | L78: 7.9770035 | M78: 20.234601 | N78: -9.6026562 | O78: 21.069696 | P78: 11.386085 | Q78: -41.058729 | R78: -4.1011476 | S78: 5.1214214 | T78: 7.3486348 | U78: 2.0895699 | V78: 7.7974752 | W78: 7.1762969 | X78: 3.9856387 | Y78: 7.4974503 | Z78: 3.0991306 | AA78: 4.6262592 | AB78: 2.224348 | AC78: -1.5078883 | AD78: 3.2384212 | AE78: 8.241266 | AF78: 23.501747 | AG78: 7.4439981 | AH78: 19.68909 | AI78: 22.467644 | AJ78: 5.4361455 | AK78: 10.433726 | AL78: 1.9865304 | AM78: 14.667947 | AN78: -30.041296 | AO78: -10.841575 | AQ78: 2.6141413 | AR78: 12.372899 | AS78: 11.354915 | AT78: 10.36398 | AU78: 16.504988 | AV78: 13.311009 | AW78: 7.8640987 | AX78: 34.939481 | AY78: 2.1125077 | AZ78: 23.662705 | BA78: -29.675149 | BB78: -14.958755 | BC78: 90.466821 | BD78: 16.466671 | BE78: 16.881196 | BF78: 32.625952 | BG78: 27.373359 | BH78: 15.700974 | BI78: 0.99110638 | BJ78: 21.13222 | BK78: 3.6229799 | BL78: 18.037906 | BM78: -1.6238108 | BN78: 2.03381 | BO78: -8.5543906 | BP78: 144.69038 | BQ78: =BQ5-BQ7-BQ54 -> -3.9623293 | BR78: =BR5-BR7-BR54 -> 46.642254 | BS78: =BS5-BS7-BS54 -> 20.152693 | BT78: =BT5-BT7-BT54 -> 24.687534 | BU78: =BU5-BU7-BU54 -> 34.214966 | BV78: =BV5-BV7-BV54 -> 25.011958 | BW78: =BW5-BW7-BW54 -> 41.431333 | BX78: =BX5-BX7-BX54 -> 3.2229067 | ... CB78: =CB5-CB7-CB54 -> -21.863472 | CC78: =SUM(BQ78:CB78) -> 163.43133 | CD78: =CD5-CD7-CD54 -> 37.826462 | CE78: =CE5-CE7-CE54 -> -2.9395071 | CP78: =HLOOKUP($E$2,$BQ$2:$CB$530,ROW()-1,0)-HLOOKUP($E$2,$DA$2:$DL$437,ROW()-1,0) -> #N/A | CR78: =CE78-CD78 -> -40.765969 | CS78: =CE78-BR78 -> -49.581761 | CU78: =SUM(CD78:CO78) -> 34.886955 | CV78: =CU78-SUM(DA78:DB78) -> 34.886955 | CW78: =IFERROR(CU78/SUM(DA78:DB78),0) -> 0 | CX78: =SUM(CD78:CE78)-SUM(BQ78:BR78) -> -7.792969 | DM78: =SUM(DA78:DL78) -> 0
B79: 소매 | F79: -13.741713 | G79: 1.2177177 | H79: -10.561602 | I79: -2.1190571 | J79: -4.02501 | K79: -18.746857 | L79: -3.5197916 | M79: 15.18338 | N79: -16.029695 | O79: 2.5484389 | P79: -2.4293553 | Q79: -26.513453 | R79: -6.7666052 | S79: -1.3366847 | T79: 3.6848658 | U79: -6.3383246 | V79: -3.1105299 | W79: 0.80899759 | X79: -0.52299297 | Y79: 8.1675519 | Z79: -1.9629169 | AA79: 3.621993 | AB79: 2.8772712 | AC79: 1.1520244 | AD79: -0.51126857 | AE79: 6.6266616 | AF79: 11.125083 | AG79: -3.8826643 | AH79: 8.0087489 | AI79: -1.8509911 | AJ79: -12.870428 | AK79: 9.6521663 | AL79: -8.0001141 | AM79: 6.5764014 | AN79: -31.555113 | AO79: -14.798889 | AQ79: -2.4865972 | AR79: 16.863874 | AS79: 8.7412196 | AT79: 3.6377682 | AU79: 15.464197 | AV79: 13.677927 | AW79: -4.1613885 | AX79: 46.003315 | AY79: -14.53294 | AZ79: 19.530457 | BA79: -31.362217 | BB79: -6.8309034 | BC79: 64.54471 | BD79: =BD107 -> 10.599674 | BE79: =BE107 -> 10.590157 | BF79: =BF107 -> 19.143343 | BG79: =BG107 -> 3.8117258 | BH79: =BH107 -> 11.140804 | BI79: =BI107 -> -5.3074165 | BJ79: =BJ107 -> 21.608444 | BK79: =BK107 -> -6.4021072 | ... BO79: =BO107 -> -8.0349405 | BP79: =BP143 -> 23.882875 | BQ79: =BQ143 -> -18.295067 | BR79: =BR143 -> 34.361785 | BS79: =BS143 -> 11.391866 | BT79: =BT143 -> 16.529727 | BU79: =BU143 -> 36.827466 | BV79: =BV143 -> -2.2899242 | BW79: =BW143 -> 29.869227 | ... CB79: =CB143 -> -17.58766 | CC79: =SUM(BQ79:CB79) -> 49.526348 | CD79: =CD143 -> 15.71992 | CE79: =CE143 -> -15.110233 | CR79: =CE79-CD79 -> -30.830152 | CS79: =CE79-BR79 -> -49.472018 | CU79: =SUM(CD79:CO79) -> 0.609687 | CX79: =SUM(CD79:CE79)-SUM(BQ79:BR79) -> -15.457031
B80: 도매 | F80: 10.228244 | G80: 5.3462381 | H80: 6.4217244 | I80: 12.29798 | J80: 15.67092 | K80: 8.4672895 | L80: 9.0232164 | M80: 4.1437736 | N80: 6.8783389 | O80: 16.27352 | P80: 12.805395 | Q80: -2.7183004 | R80: 3.0982039 | S80: 7.2438212 | T80: -0.096033969 | U80: 7.8899158 | V80: 9.998395 | W80: 7.0013731 | X80: 4.0922998 | Y80: 0.33992386 | Z80: 7.1140935 | AA80: 1.0396129 | AB80: 2.9947986 | AC80: -0.53049619 | AD80: 1.0658377 | AE80: 0.77263879 | AF80: 7.2501284 | AG80: 7.9434022 | AH80: 8.2221047 | AI80: 21.082983 | AJ80: 17.315733 | AK80: 2.2520989 | AL80: 7.638186 | AM80: 4.9737755 | AN80: 2.4634938 | AO80: 8.8861576 | AQ80: 3.3495095 | AR80: -3.532889 | AS80: -1.5637828 | AT80: 6.0888673 | AU80: 2.1924339 | AV80: -2.5313823 | AW80: 10.05543 | AX80: -9.7221005 | AY80: 12.886122 | AZ80: 0.44087548 | BA80: 1.2201086 | BB80: -5.410243 | BC80: 13.472949 | BD80: =BD125 -> 5.1388654 | BE80: =BE125 -> 7.8009545 | BF80: =BF125 -> 9.8003929 | BG80: =BG125 -> 6.3918023 | BH80: =BH125 -> -2.8489681 | BI80: =BI125 -> -6.0562523 | BJ80: =BJ125 -> 4.1689743 | BK80: =BK125 -> 3.9159822 | ... BO80: =BO125 -> 1.9399258 | BP80: =BP156 -> 48.939203 | BQ80: =BQ156 -> 10.406786 | BR80: =BR156 -> -1.2838893 | BS80: =BS156 -> 5.7066023 | BT80: =BT156 -> 5.5789361 | BU80: =BU156 -> 0.040036404 | BV80: =BV156 -> 11.117806 | BW80: =BW156 -> 3.9280229 | ... CB80: =CB156 -> 3.6545042 | CC80: =SUM(BQ80:CB80) -> 29.168868 | CD80: =CD156 -> 10.072277 | CE80: =CE156 -> -0.037579982 | CR80: =CE80-CD80 -> -10.109857 | CS80: =CE80-BR80 -> 1.2463094 | CU80: =SUM(CD80:CO80) -> 10.034697 | CX80: =SUM(CD80:CE80)-SUM(BQ80:BR80) -> 0.91180025
B81: 디지털 | F81: -0.093148496 | G81: -2.6743722 | H81: -2.1573635 | I81: 0.73727153 | J81: 1.2669018 | K81: -0.13911825 | L81: 0.86206012 | M81: -0.98747773 | N81: -0.89444412 | O81: 1.3138451 | P81: -1.1574104 | Q81: -3.6562028 | R81: 0.6304849 | S81: 0.27290148 | T81: 2.3837473 | U81: -0.027115345 | V81: 0.13210295 | W81: -0.23672726 | X81: -0.043393298 | Y81: -0.97596393 | Z81: -0.21589375 | AA81: 1.6373519 | AB81: -1.3083074 | AC81: 0.12362794 | AD81: 1.5630742 | AE81: 0.64997459 | AF81: 4.2993709 | AG81: 2.1584173 | AH81: 2.0287135 | AI81: 1.4475061 | AJ81: 0.89054087 | AK81: -0.51996689 | AL81: 2.0298074 | AM81: 1.9882466 | AN81: 0.32675667 | AO81: -2.7625292 | AQ81: 0.78469619 | AR81: -1.2221505 | AS81: 3.403918 | AT81: 0.27353711 | AU81: 0.055556863 | AV81: 2.6270556 | AW81: 1.2862984 | AX81: 0.057314308 | AY81: 3.9924241 | AZ81: 1.5131724 | BA81: 0.89556682 | BB81: -1.6844152 | BC81: 11.982974 | BD81: =BD169 -> 3.1253146 | BE81: =BE169 -> 2.7333907 | BF81: =BF169 -> 3.6472785 | BG81: =BG169 -> 2.1020135 | BH81: =BH169 -> 2.1612044 | BI81: =BI169 -> 1.8080794 | BJ81: =BJ169 -> 2.7242759 | BK81: =BK169 -> 0.93480315 | ... CB81: =CB169 -> 14.545816 | CC81: =SUM(BQ81:CB81) -> 67.527457 | CD81: =CD169 -> 9.8188876 | CE81: =CE169 -> 10.544504 | CP81: =CP169 -> 0 | CQ81: =CQ169 -> 0 | CR81: =CE81-CD81 -> 0.72561611 | CS81: =CE81-BR81 -> 11.868195 | CU81: =SUM(CD81:CO81) -> 20.363391 | CX81: =SUM(CD81:CE81)-SUM(BQ81:BR81) -> 16.4951
B82: 소상공인 | BQ82: =BQ182 -> -4.1804479 | BR82: =BR182 -> -1.6603435 | BS82: =BS182 -> -3.0069197 | BT82: =BT182 -> -5.7874243 | BU82: =BU182 -> -5.7833197 | BV82: =BV182 -> -2.630974 | BW82: =BW182 -> -1.5871862 | BX82: =BX182 -> -4.4666766 | ... CB82: =CB182 -> -6.7900874 | CC82: =SUM(BQ82:CB82) -> -48.095126 | CD82: =CD182 -> 0.42095081 | CE82: =CE182 -> -2.5482496 | CR82: =CE82-CD82 -> -2.9692005 | CS82: =CE82-BR82 -> -0.8879062 | CU82: =SUM(CD82:CO82) -> -2.1272988 | CX82: =SUM(CD82:CE82)-SUM(BQ82:BR82) -> 3.7134926
B83: 법인영업 | F83: -1.1206639 | G83: -0.29141809 | H83: -0.71450148 | I83: -1.0767711 | J83: -0.078454297 | K83: -0.09735234 | L83: -0.38217491 | M83: -0.3197154 | N83: -0.76876015 | O83: -0.21170743 | P83: 0.41095582 | Q83: -8.660843 | R83: -2.0299474 | S83: -1.8481261 | T83: 0.0016435804 | U83: -0.85210465 | V83: -1.1992008 | W83: -1.3095386 | X83: -1.3040884 | Y83: -1.2766345 | Z83: -1.6482602 | AA83: -3.0075179 | AB83: -2.4901939 | AC83: 2.2571046 | AD83: =AD84 -> -0.30677186 | AE83: =AE84 -> -0.641506 | AF83: =AF84 -> -0.42341793 | AG83: =AG84 -> 0.43328706 | AH83: =AH84 -> 0.47985357 | AI83: =AI84 -> 1.1267244 | AJ83: =AJ84 -> -0.77970489 | AK83: =AK84 -> -1.5206837 | ... AO83: =AO84 -> -1.0474918 | AQ83: -0.50042886 | AR83: 0.58803198 | AS83: 1.3153894 | AT83: -0.71945751 | AU83: -1.4943841 | AV83: -0.43501725 | AW83: -0.78456115 | AX83: -0.79430586 | AY83: -0.65548754 | AZ83: -0.60096164 | BA83: -0.58683821 | BB83: -5.2587884 | BC83: -9.926809 | BD83: -0.7223439 | BE83: -0.070873313 | BF83: -0.063302574 | BG83: 4.4105447 | BH83: 1.1340523 | BI83: 9.8189622 | BJ83: 0.70990491 | BK83: 0.73390219 | BL83: 1.1024115 | BM83: 0.27096078 | BN83: 1.3608249 | BO83: -5.1124715 | BP83: 13.605177 | BQ83: 0.17031231 | BR83: 2.185862 | BS83: 3.212706 | BT83: 0.54020239 | BU83: 1.228231 | BV83: 4.4776778 | BW83: 0.2273399 | BX83: 0.03438301 | BY83: 0.13101968 | BZ83: -0.2358966 | CA83: -0.12994874 | CB83: -7.1086105 | CC83: =SUM(BQ83:CB83) -> 4.7332782 | CD83: 0.3174987 | CE83: 0.077377829 | CR83: =CE83-CD83 -> -0.24012087 | CS83: =CE83-BR83 -> -2.1084842 | CU83: =SUM(CD83:CO83) -> 0.39487653 | CX83: =SUM(CD83:CE83)-SUM(BQ83:BR83) -> -1.9612978 | DO83: =AVERAGE(BD83:BL83) -> 1.8948064 | DP83: =AVERAGE(BQ83:BY83) -> 1.3564149
B84: (Biz) | F84: -1.1206639 | G84: -0.29141809 | H84: -0.71450148 | I84: -1.0767711 | J84: -0.078454297 | K84: -0.09735234 | L84: -0.38217491 | M84: -0.3197154 | N84: -0.76876015 | O84: -0.21170743 | P84: 0.41095582 | Q84: -8.660843 | R84: -2.0299474 | S84: -1.8481261 | T84: 0.0016435804 | U84: -0.85210465 | V84: -1.1992008 | W84: -1.3095386 | X84: -1.3040884 | Y84: -1.2766345 | Z84: -1.6482602 | AA84: -3.0075179 | AB84: -2.4901939 | AC84: 2.2571046 | AD84: -0.30677186 | AE84: -0.641506 | AF84: -0.42341793 | AG84: 0.43328706 | AH84: 0.47985357 | AI84: 1.1267244 | AJ84: -0.77970489 | AK84: -1.5206837 | AL84: -0.7860409 | AM84: 0.095948502 | AN84: -1.8063005 | AO84: -1.0474918 | AQ84: -0.50042886 | AR84: 0.58803198 | AS84: 0.77538943 | AT84: -0.20071795 | AU84: -0.23967271 | AV84: 0.88765706 | AW84: 0.77781078 | AX84: 0.42405626 | AY84: 0.80333566 | AZ84: 0.72835465 | BA84: 0.83227898 | BB84: -2.7894329 | BC84: 2.0866623 | BD84: 0.013011708 | BE84: 0.73307599 | BF84: 0.78139905 | BG84: 5.1395217 | BH84: 1.603126 | BI84: 0.33479954
B85: (법인유통영업) | AQ85: 0 | AR85: 0 | AS85: 0.54 | AT85: -0.51873956 | AU85: -1.2547113 | AV85: -1.3226743 | AW85: -1.5623719 | AX85: -1.2183621 | AY85: -1.4588232 | AZ85: -1.3293163 | BA85: -1.4191172 | BB85: -2.4693554 | BC85: -12.013471 | BD85: -0.73535561 | BE85: -0.8039493 | BF85: -0.84470162 | BG85: -0.72897698 | BH85: -0.46907373 | BI85: 9.4841626
B86: 기업영업 | F86: 0.73104113 | G86: 0.3162757 | H86: -0.19300472 | I86: 1.223448 | J86: 0.69338247 | K86: 1.2522503 | L86: 1.1437704 | M86: 1.5143973 | N86: 0.17323793 | O86: 0.39357933 | P86: 0.53578491 | Q86: 0.34308823 | R86: 0.46023791 | S86: -0.32903144 | T86: 0.98268435 | U86: 0.092058275 | V86: 1.3412957 | W86: 0.46184486 | X86: 0.67116452 | Y86: 0.76388585 | Z86: -0.03143736 | AA86: 0.22608741 | AB86: 0.10711053 | AC86: -4.2705872 | AD86: 0.66221769 | AE86: 0.18332589 | AF86: 0.83584064 | AG86: 0.24139436 | AH86: 0.57153804 | AI86: 0.33978787 | AJ86: 0.56371531 | AK86: 0.22184246 | AL86: 0.7973067 | AM86: 0.79694115 | AN86: 0.37187423 | AO86: -1.303724 | AQ86: 1.6322042 | AR86: 0.95582798 | AS86: 0.69150849 | AT86: 1.3988386 | AU86: 0.83336251 | AV86: 1.4096459 | AW86: 1.4854695 | AX86: 0.75558267 | AY86: 1.5307839 | AZ86: 1.2713929 | BA86: 0.78204335 | BB86: -0.21446719 | BC86: 12.532193 | BD86: 1.1046945 | BE86: 0.96633781 | BF86: 0.9757918 | BG86: 1.1583544 | BH86: 1.2837657 | BI86: 1.2287173 | BJ86: 1.8243893 | BK86: 0.62183237 | BL86: 1.9079857 | BM86: 1.5745781 | BN86: 0.98730429 | BO86: -0.23599934 | BP86: 13.408927 | BQ86: 1.6118927 | BR86: 0.52615387 | BS86: 1.2262211 | BT86: 1.3594008 | BU86: 0.42258055 | BV86: 2.1567024 | BW86: 1.0085095 | BX86: 0.83478359 | BY86: 1.1988978 | BZ86: 1.0872893 | CA86: 0.6068819 | CB86: -1.9792892 | CC86: =SUM(BQ86:CB86) -> 10.060024 | CD86: 1.2910196 | CE86: 1.205832 | CR86: =CE86-CD86 -> -0.08518762 | CS86: =CE86-BR86 -> 0.67967812 | CU86: =SUM(CD86:CO86) -> 2.4968516 | CX86: =SUM(CD86:CE86)-SUM(BQ86:BR86) -> 0.35880503 | DO86: =AVERAGE(BD86:BL86) -> 1.2302077 | DP86: =AVERAGE(BQ86:BY86) -> 1.1494603
B87: 유통플랫폼사업 | R87: 1.2931278 | AD87: -0.15926134 | AE87: 6.7187966 | AF87: -1.1185215 | AG87: -0.09255066 | AH87: 1.1804656 | AI87: 1.3703984 | AJ87: 0.09807853 | AK87: -0.15587405 | AL87: 0.93791523 | AM87: 0.59571361 | AN87: 2.1684346 | AO87: 1.1068589 | AQ87: -0.0078744 | AR87: 0.67440203 | AS87: 0.30067866 | AT87: 0.92769116 | AU87: 2.2985116 | AV87: -0.61010631 | AW87: -0.02022151 | AX87: 1.5198015 | AY87: 1.7040871 | AZ87: 3.2864708 | BA87: -3.6726142 | BB87: 3.7491537 | BC87: 10.14998 | BD87: -2.7794783 | BE87: -5.1387711 | BF87: -1.0007657 | BG87: 9.4989486 | BH87: 2.8301245 | BI87: -0.50098366 | BJ87: -9.9011846 | BK87: 3.818567 | BL87: 11.30757 | BM87: 6.2031398 | BN87: 0.019094 | BO87: 0.59165326 | BP87: 14.947914 | BQ87: 1.1190297 | BR87: 13.838715 | BS87: 0.039969178 | BT87: 4.5778122 | BU87: 1.2549278 | BV87: 5.9605089 | BW87: 3.4871836 | BX87: 4.2681799 | BY87: 6.2490557 | BZ87: 5.2607421 | CA87: 11.044074 | CB87: -6.5981449 | CC87: =SUM(BQ87:CB87) -> 50.502054 | CD87: 0.18590889 | CE87: 2.9288417 | CR87: =CE87-CD87 -> 2.7429328 | CS87: =CE87-BR87 -> -10.909874 | CU87: =SUM(CD87:CO87) -> 3.1147506 | CX87: =SUM(CD87:CE87)-SUM(BQ87:BR87) -> -11.842995 | DO87: =DO86+DO83 -> 3.1250141 | DP87: =DP86+DP83 -> 2.5058751 | DQ87: =DP87-DO87 -> -0.61913894
B88: 기타 (대형마트, ktac 등) | F88: -1.4255247 | G88: 3.2608457 | H88: 1.3443927 | I88: -0.64432635 | J88: -3.2551876 | K88: -0.039413241 | L88: 0.84992312 | M88: 0.70024378 | N88: 1.0386659 | O88: 0.75201998 | P88: 1.220715 | Q88: 0.14698182 | R88: 0.49485677 | S88: 1.1327027 | T88: 0.3791771 | U88: 1.3165583 | V88: 0.63906184 | W88: 0.45381184 | X88: 1.0964227 | Y88: 0.48159133 | Z88: -0.15365572 | AA88: 1.1126919 | AB88: 0.043668988 | AC88: -0.23956173 | AD88: 0.76533198 | AE88: 0.65017113 | AF88: 0.41474198 | AG88: 0.55016147 | AH88: 0.37813115 | AI88: 0.32163325 | AJ88: 0.31628918 | AK88: 0.34826903 | AL88: 0.30738535 | AM88: 0.23663368 | AN88: 0.15799255 | AO88: 0.1849018 | AQ88: -0.1573681 | AR88: -1.954197 | AS88: -1.5340165 | AT88: -1.2432649 | AU88: -2.8446888 | AV88: -0.82711414 | AW88: 0.0030722904 | AX88: -2.8801265 | AY88: -2.8124818 | AZ88: -1.7787013 | BA88: 3.0488022 | BB88: 0.69090815 | BC88: -12.289176 | BD88: =BD78-BD79-BD80-BD81-BD83-BD86-BD87 -> -5.5691502e-05 | BE88: =BE78-BE79-BE80-BE81-BE83-BE86-BE87 -> -8.0824236e-14 | BF88: =BF78-BF79-BF80-BF81-BF83-BF86-BF87 -> 0.12321481 | BG88: =BG78-BG79-BG80-BG81-BG83-BG86-BG87 -> -3.05185e-05 | BH88: =BH78-BH79-BH80-BH81-BH83-BH86-BH87 -> -8.9e-06 | BI88: =BI78-BI79-BI80-BI81-BI83-BI86-BI87 -> 2.4757973e-14 | BJ88: =BJ78-BJ79-BJ80-BJ81-BJ83-BJ86-BJ87 -> -0.0025835178 | BK88: =BK78-BK79-BK80-BK81-BK83-BK86-BK87 -> 2.7e-07 | ... BO88: =BO78-BO79-BO80-BO81-BO83-BO86-BO87 -> -2.2093438e-14 | BP88: =BP78-BP79-BP80-BP81-BP83-BP86-BP87-BP82 -> 0.021889936 | BQ88: =BQ78-BQ79-BQ80-BQ81-BQ83-BQ86-BQ87-BQ82 -> 0.013181756 | BR88: =BR78-BR79-BR80-BR81-BR83-BR86-BR87-BR82 -> -0.00233813 | BS88: =BS78-BS79-BS80-BS81-BS83-BS86-BS87-BS82 -> -0.00241334 | BT88: =BT78-BT79-BT80-BT81-BT83-BT86-BT87-BT82 -> -1.4477308e-13 | BU88: =BU78-BU79-BU80-BU81-BU83-BU86-BU87-BU82 -> 3.0198066e-14 | BV88: =BV78-BV79-BV80-BV81-BV83-BV86-BV87-BV82 -> 1.7585933e-13 | BW88: =BW78-BW79-BW80-BW81-BW83-BW86-BW87-BW82 -> 6.8833828e-15 | ... CB88: =CB78-CB79-CB80-CB81-CB83-CB86-CB87-CB82 -> 0 | CC88: =SUM(BQ88:CB88) -> 0.0084302856 | CD88: =CD78-CD79-CD80-CD81-CD83-CD86-CD87-CD82 -> 6.0840222e-14 | CE88: =CE78-CE79-CE80-CE81-CE83-CE86-CE87-CE82 -> 2.0428104e-14 | CR88: =CE88-CD88 -> -4.0412118e-14 | CS88: =CE88-BR88 -> 0.00233813 | CU88: =SUM(CD88:CO88) -> 8.1268325e-14 | CX88: =SUM(CD88:CE88)-SUM(BQ88:BR88) -> -0.010843626
A90: 소매 | B90: 정책이익 | AQ90: 35.996788 | AR90: 50.369667 | AS90: 49.41363 | AT90: 48.200247 | AU90: 49.260026 | AV90: 49.793822 | AW90: 41.980612 | AX90: 68.768329 | AY90: 26.686068 | AZ90: 54.909769 | BA90: 37.993235 | BB90: 29.687055 | BC90: 543.05925 | BD90: =BD91-BD92 -> 61.890886 | BE90: =BE91-BE92 -> 41.471594 | BF90: =BF91-BF92 -> 44.534867 | BG90: =BG91-BG92 -> 43.576128 | BH90: =BH91-BH92 -> 41.450256 | BI90: =BI91-BI92 -> 35.963379 | BJ90: =BJ91-BJ92 -> 42.195841 | BK90: =BK91-BK92 -> 41.767027 | ... BN90: =BN91-BN92 -> 37.679756 | BO90: 31.205909 | BP90: 515.78017 | BQ90: =BQ91-BQ92 -> 24.067239 | BR90: =BR91-BR92 -> 68.053799 | BS90: =BS91-BS92 -> 42.949809 | BT90: =BT91-BT92 -> 50.045992 | BU90: =BU91-BU92 -> 69.606733 | BV90: =BV91-BV92 -> 35.762452 | BW90: =BW91-BW92 -> 60.673676 | BX90: =BX91-BX92 -> 43.391243 | ... CB90: =CB91-CB92 -> 35.349548 | CC90: 550.71777 | CR90: =CE90-CD90 -> 0 | CS90: =CE90-BR90 -> -68.053799 | CU90: =SUM(CD90:CO90) -> 0 | CX90: =SUM(CD90:CE90)-SUM(BQ90:BR90) -> -92.121038
C91: 정책수수료 | AQ91: 65.196455 | AR91: 101.14363 | AS91: 83.760335 | AT91: 86.435155 | AU91: 88.062806 | AV91: 86.666751 | AW91: 68.686928 | AX91: 136.5872 | AY91: 53.766598 | AZ91: 99.132962 | BA91: 63.846133 | BB91: 50.376419 | BC91: 983.66137 | BD91: 119.22844 | BE91: 76.720495 | BF91: 78.067282 | BG91: 76.931196 | BH91: 76.158188 | BI91: 74.807018 | BJ91: 133.57699 | BK91: 87.913465 | BL91: 110.98873 | BM91: 88.056732 | BN91: 75.031803 | BO91: 64.713366 | BP91: 1062.1937 | BQ91: 49.550632 | BR91: 143.21312 | BS91: 82.077539 | BT91: 93.319228 | BU91: 120.71904 | BV91: 87.744517 | BW91: 164.4394 | BX91: 93.738237 | BY91: 110.14979 | BZ91: 79.773004 | CA91: 66.225831 | CB91: 63.352057 | CC91: 1154.3024 | CR91: =CE91-CD91 -> 0 | CS91: =CE91-BR91 -> -143.21312 | CU91: =SUM(CD91:CO91) -> 0 | CX91: =SUM(CD91:CE91)-SUM(BQ91:BR91) -> -192.76375
C92: 정책비용계 | AQ92: 29.199666 | AR92: 50.773965 | AS92: 34.346705 | AT92: 38.234908 | AU92: 38.80278 | AV92: 36.872929 | AW92: 26.706316 | AX92: 67.818869 | AY92: 27.08053 | AZ92: 44.223193 | BA92: 25.852899 | BB92: 20.689364 | BC92: 440.60212 | BD92: =BD93+BD94+BD95+BD96 -> 57.337556 | BE92: =BE93+BE94+BE95+BE96 -> 35.248901 | BF92: =BF93+BF94+BF95+BF96 -> 33.532416 | BG92: =BG93+BG94+BG95+BG96 -> 33.355068 | BH92: =BH93+BH94+BH95+BH96 -> 34.707932 | BI92: =BI93+BI94+BI95+BI96 -> 38.84364 | BJ92: =BJ93+BJ94+BJ95+BJ96 -> 91.381151 | BK92: =BK93+BK94+BK95+BK96 -> 46.146438 | ... BN92: =BN93+BN94+BN95+BN96 -> 37.352047 | BO92: 33.507458 | BP92: 546.41355 | BQ92: =(BQ93+BQ94+BQ95+BQ96) -> 25.483393 | BR92: =(BR93+BR94+BR95+BR96) -> 75.159321 | BS92: =(BS93+BS94+BS95+BS96) -> 39.12773 | BT92: =(BT93+BT94+BT95+BT96) -> 43.273236 | BU92: =(BU93+BU94+BU95+BU96) -> 51.112304 | BV92: =(BV93+BV94+BV95+BV96) -> 51.982065 | BW92: =(BW93+BW94+BW95+BW96) -> 103.76572 | BX92: =(BX93+BX94+BX95+BX96) -> 50.346994 | ... CB92: =(CB93+CB94+CB95+CB96) -> 28.00251 | CC92: 603.58462 | CR92: =CE92-CD92 -> 0 | CS92: =CE92-BR92 -> -75.159321 | CU92: =SUM(CD92:CO92) -> 0 | CX92: =SUM(CD92:CE92)-SUM(BQ92:BR92) -> -100.64271
