Workbook

Sheet 요약
J1: 1000000
C2: [1월마감 현황]
C3: 계정명(단위:백만원) | F3: 강북본부 | G3: 강남본부 | H3: 강서본부 | I3: 동부본부 | J3: 서부본부 | K3: 평균 | M3: 평균과의 갭 | P3: 강북본부 | Q3: 강남본부 | R3: 강서본부 | S3: 동부본부 | T3: 서부본부
C5: 매출 | F5: =F6+F7 -> 5159.0648 | G5: =G6+G7 -> 4688.0788 | H5: =H6+H7 -> 5970.8434 | I5: =I6+I7 -> 6778.2178 | J5: =J6+J7 -> 5635.5683 | K5: =AVERAGE(F5:J5) -> 5646.3546 | M5: 매출 | P5: =F5-$K5 -> -487.28978 | Q5: =G5-$K5 -> -958.27585 | R5: =H5-$K5 -> 324.48877 | S5: =I5-$K5 -> 1131.8632 | T5: =J5-$K5 -> -10.786334
D6: 상품매출 | F6: =sum!B4/$J$1 -> 2122.1216 | G6: =sum!C4/$J$1 -> 1967.6679 | H6: =sum!D4/$J$1 -> 2451.0332 | I6: =sum!E4/$J$1 -> 2495.1531 | J6: =sum!F4/$J$1 -> 1994.1957 | K6: =AVERAGE(F6:J6) -> 2206.0343 | N6: 상품매출 | P6: =F6-$K6 -> -83.9127 | Q6: =G6-$K6 -> -238.36636 | R6: =H6-$K6 -> 244.99887 | S6: =I6-$K6 -> 289.11882 | T6: =J6-$K6 -> -211.83863
D7: 수수료매출 | F7: =SUM(F8:F10) -> 3036.9432 | G7: =SUM(G8:G10) -> 2720.4108 | H7: =SUM(H8:H10) -> 3519.8102 | I7: =SUM(I8:I10) -> 4283.0647 | J7: =SUM(J8:J10) -> 3641.3726 | K7: =AVERAGE(F7:J7) -> 3440.3203 | N7: 수수료매출 | P7: =F7-$K7 -> -403.37708 | Q7: =G7-$K7 -> -719.90949 | R7: =H7-$K7 -> 79.489893 | S7: =I7-$K7 -> 842.74438 | T7: =J7-$K7 -> 201.0523
E8: 정책수수료 | F8: =(sum!B14+sum!B18+sum!B21+sum!B24)/$J$1 -> 1795.7297 | G8: =(sum!C14+sum!C18+sum!C21+sum!C24)/$J$1 -> 1714.2027 | H8: =(sum!D14+sum!D18+sum!D21+sum!D24)/$J$1 -> 2346.3886 | I8: =(sum!E14+sum!E18+sum!E21+sum!E24)/$J$1 -> 2475.6767 | J8: =(sum!F14+sum!F18+sum!F21+sum!F24)/$J$1 -> 2194.62 | K8: =AVERAGE(F8:J8) -> 2105.3235 | O8: 정책수수료 | P8: =F8-$K8 -> -309.5938 | Q8: =G8-$K8 -> -391.12086 | R8: =H8-$K8 -> 241.06507 | S8: =I8-$K8 -> 370.35315 | T8: =J8-$K8 -> 89.296442
E9: 관리수수료 | F9: =(sum!B16+sum!B17+sum!B23)/$J$1 -> 723.28721 | G9: =(sum!C16+sum!C17+sum!C23)/$J$1 -> 681.22142 | H9: =(sum!D16+sum!D17+sum!D23)/$J$1 -> 779.17174 | I9: =(sum!E16+sum!E17+sum!E23)/$J$1 -> 1012.3737 | J9: =(sum!F16+sum!F17+sum!F23)/$J$1 -> 892.59943 | K9: =AVERAGE(F9:J9) -> 817.73069 | O9: 관리수수료 | P9: =F9-$K9 -> -94.443482 | Q9: =G9-$K9 -> -136.50928 | R9: =H9-$K9 -> -38.558955 | S9: =I9-$K9 -> 194.64297 | T9: =J9-$K9 -> 74.868741
E10: 기타수수료 | F10: =(sum!B15+sum!B20+sum!B22)/$J$1 -> 517.92628 | G10: =(sum!C15+sum!C20+sum!C22)/$J$1 -> 324.98673 | H10: =(sum!D15+sum!D20+sum!D22)/$J$1 -> 394.24986 | I10: =(sum!E15+sum!E20+sum!E22)/$J$1 -> 795.01433 | J10: =(sum!F15+sum!F20+sum!F22)/$J$1 -> 554.15319 | K10: =AVERAGE(F10:J10) -> 517.26608 | O10: 기타수수료 | P10: =F10-$K10 -> 0.6602002 | Q10: =G10-$K10 -> -192.27935 | R10: =H10-$K10 -> -123.01622 | S10: =I10-$K10 -> 277.74825 | T10: =J10-$K10 -> 36.887115
C11: 매출원가 | F11: =sum!B25/$J$1 -> 2480.7145 | G11: =sum!C25/$J$1 -> 2276.5049 | H11: =sum!D25/$J$1 -> 2903.8722 | I11: =sum!E25/$J$1 -> 2901.4685 | J11: =sum!F25/$J$1 -> 2350.8755 | K11: =AVERAGE(F11:J11) -> 2582.6871 | M11: 매출원가 | P11: =F11-$K11 -> -101.97259 | Q11: =G11-$K11 -> -306.18223 | R11: =H11-$K11 -> 321.18509 | S11: =I11-$K11 -> 318.78139 | T11: =J11-$K11 -> -231.81166
C12: 매출총이익 | F12: =F5-F11 -> 2678.3503 | G12: =G5-G11 -> 2411.5739 | H12: =H5-H11 -> 3066.9712 | I12: =I5-I11 -> 3876.7493 | J12: =J5-J11 -> 3284.6928 | K12: =AVERAGE(F12:J12) -> 3063.6675 | M12: 매출총이익 | P12: =F12-$K12 -> -385.31719 | Q12: =G12-$K12 -> -652.09362 | R12: =H12-$K12 -> 3.3036806 | S12: =I12-$K12 -> 813.08181 | T12: =J12-$K12 -> 221.02532
C13: 판매비와관리비 | F13: =SUM(F14:F18) -> 2250.7331 | G13: =SUM(G14:G18) -> 2040.9638 | H13: =SUM(H14:H18) -> 2269.0445 | I13: =SUM(I14:I18) -> 2934.8375 | J13: =SUM(J14:J18) -> 2529.191 | K13: =AVERAGE(F13:J13) -> 2404.954 | M13: 판매비와관리비 | P13: =F13-$K13 -> -154.22091 | Q13: =G13-$K13 -> -363.99015 | R13: =H13-$K13 -> -135.90945 | S13: =I13-$K13 -> 529.88354 | T13: =J13-$K13 -> 124.23698
D14: 인건비 | F14: =(sum!B29+sum!B30+sum!B63+sum!B70+sum!B71+sum!B73+sum!B74)/$J$1 -> 1760.5154 | G14: =(sum!C29+sum!C30+sum!C63+sum!C70+sum!C71+sum!C73+sum!C74)/$J$1 -> 1523.6984 | H14: =(sum!D29+sum!D30+sum!D63+sum!D70+sum!D71+sum!D73+sum!D74)/$J$1 -> 1756.4118 | I14: =(sum!E29+sum!E30+sum!E63+sum!E70+sum!E71+sum!E73+sum!E74)/$J$1 -> 2238.2576 | J14: =(sum!F29+sum!F30+sum!F63+sum!F70+sum!F71+sum!F73+sum!F74)/$J$1 -> 1859.1019 | K14: =AVERAGE(F14:J14) -> 1827.597 | N14: 인건비 | P14: =F14-$K14 -> -67.081637 | Q14: =G14-$K14 -> -303.89865 | R14: =H14-$K14 -> -71.185254 | S14: =I14-$K14 -> 410.66061 | T14: =J14-$K14 -> 31.504932
D15: 마케팅비 | F15: =(sum!B217+sum!B229+sum!B215)/$J$1 -> 166.81314 | G15: =(sum!C217+sum!C229+sum!C215)/$J$1 -> 223.07541 | H15: =(sum!D217+sum!D229+sum!D215)/$J$1 -> 225.59485 | I15: =(sum!E217+sum!E229+sum!E215)/$J$1 -> 316.04279 | J15: =(sum!F217+sum!F229+sum!F215)/$J$1 -> 327.63856 | K15: =AVERAGE(F15:J15) -> 251.83295 | N15: 마케팅비 | P15: =F15-$K15 -> -85.019806 | Q15: =G15-$K15 -> -28.75754 | R15: =H15-$K15 -> -26.238103 | S15: =I15-$K15 -> 64.209838 | T15: =J15-$K15 -> 75.80561
D16: 임차관리비 | F16: =(sum!B142+sum!B133)/$J$1 -> 167.65131 | G16: =(sum!C142+sum!C133)/$J$1 -> 144.83541 | H16: =(sum!D142+sum!D133)/$J$1 -> 133.04613 | I16: =(sum!E142+sum!E133)/$J$1 -> 174.86033 | J16: =(sum!F142+sum!F133)/$J$1 -> 149.19585 | K16: =AVERAGE(F16:J16) -> 153.9178 | N16: 임차관리비 | P16: =F16-$K16 -> 13.733505 | Q16: =G16-$K16 -> -9.082398 | R16: =H16-$K16 -> -20.871676 | S16: =I16-$K16 -> 20.942526 | T16: =J16-$K16 -> -4.721957
D17: 감가상각비 | F17: =(sum!B141+sum!B238)/$J$1 -> 2.611666 | G17: =(sum!C141+sum!C238)/$J$1 -> 4.871416 | H17: =(sum!D141+sum!D238)/$J$1 -> 3.155 | I17: =(sum!E141+sum!E238)/$J$1 -> 1.046659 | J17: =(sum!F141+sum!F238)/$J$1 -> 2.100469 | K17: =AVERAGE(F17:J17) -> 2.757042 | N17: 감가상각비 | P17: =F17-$K17 -> -0.145376 | Q17: =G17-$K17 -> 2.114374 | R17: =H17-$K17 -> 0.397958 | S17: =I17-$K17 -> -1.710383 | T17: =J17-$K17 -> -0.656573
D18: 기타운영비 | F18: =(sum!B115+sum!B122+sum!B126+sum!B136+sum!B151+sum!B156+sum!B164+sum!B171+sum!B178+sum!B181+sum!B193+sum!B199)/$J$1 -> 153.14156 | G18: =(sum!C115+sum!C122+sum!C126+sum!C136+sum!C151+sum!C156+sum!C164+sum!C171+sum!C178+sum!C181+sum!C193+sum!C199)/$J$1 -> 144.48323 | H18: =(sum!D115+sum!D122+sum!D126+sum!D136+sum!D151+sum!D156+sum!D164+sum!D171+sum!D178+sum!D181+sum!D193+sum!D199)/$J$1 -> 150.83678 | I18: =(sum!E115+sum!E122+sum!E126+sum!E136+sum!E151+sum!E156+sum!E164+sum!E171+sum!E178+sum!E181+sum!E193+sum!E199)/$J$1 -> 204.6301 | J18: =(sum!F115+sum!F122+sum!F126+sum!F136+sum!F151+sum!F156+sum!F164+sum!F171+sum!F178+sum!F181+sum!F193+sum!F199)/$J$1 -> 191.15413 | K18: =AVERAGE(F18:J18) -> 168.84916 | N18: 기타운영비 | P18: =F18-$K18 -> -15.7076 | Q18: =G18-$K18 -> -24.365931 | R18: =H18-$K18 -> -18.01238 | S18: =I18-$K18 -> 35.780943 | T18: =J18-$K18 -> 22.304966
C19: 영업이익 | F19: =F12-F13 -> 427.61724 | G19: =G12-G13 -> 370.61004 | H19: =H12-H13 -> 797.92666 | I19: =I12-I13 -> 941.91179 | J19: =J12-J13 -> 755.50186 | K19: =AVERAGE(F19:J19) -> 658.71352 | M19: 영업이익 | P19: =F19-$K19 -> -231.09628 | Q19: =G19-$K19 -> -288.10348 | R19: =H19-$K19 -> 139.21314 | S19: =I19-$K19 -> 283.19827 | T19: =J19-$K19 -> 96.788343
C24: [전년 1월마감 현황]
C25: 계정명(단위:백만원) | F25: 강북본부 | G25: 강남본부 | H25: 강서본부 | I25: 동부본부 | J25: 서부본부 | K25: 평균 | M25: 전년과의 갭 | P25: 강북본부 | Q25: 강남본부 | R25: 강서본부 | S25: 동부본부 | T25: 서부본부
C27: 매출 | F27: =F28+F29 -> 3519.9543 | G27: =G28+G29 -> 3389.6113 | H27: =H28+H29 -> 4590.2535 | I27: =I28+I29 -> 4968.1582 | J27: =J28+J29 -> 4270.35 | K27: =AVERAGE(F27:J27) -> 4147.6655 | M27: 매출 | P27: =F5-F27 -> 1639.1105 | Q27: =G5-G27 -> 1298.4675 | R27: =H5-H27 -> 1380.5899 | S27: =I5-I27 -> 1810.0596 | T27: =J5-J27 -> 1365.2183
D28: 상품매출 | F28: =sum_!B4/요약!$J$1 -> 1565.3434 | G28: =sum_!C4/요약!$J$1 -> 1480.477 | H28: =sum_!D4/요약!$J$1 -> 2109.7495 | I28: =sum_!E4/요약!$J$1 -> 1950.7871 | J28: =sum_!F4/요약!$J$1 -> 1566.2769 | K28: =AVERAGE(F28:J28) -> 1734.5268 | N28: 상품매출 | P28: =F6-F28 -> 556.77822 | Q28: =G6-G28 -> 487.19094 | R28: =H6-H28 -> 341.28363 | S28: =I6-I28 -> 544.36605 | T28: =J6-J28 -> 427.91879
D29: 수수료매출 | F29: =SUM(F30:F32) -> 1954.611 | G29: =SUM(G30:G32) -> 1909.1343 | H29: =SUM(H30:H32) -> 2480.504 | I29: =SUM(I30:I32) -> 3017.3711 | J29: =SUM(J30:J32) -> 2704.0731 | K29: =AVERAGE(F29:J29) -> 2413.1387 | N29: 수수료매출 | P29: =F7-F29 -> 1082.3323 | Q29: =G7-G29 -> 811.27654 | R29: =H7-H29 -> 1039.3062 | S29: =I7-I29 -> 1265.6936 | T29: =J7-J29 -> 937.29952
E30: 정책수수료 | F30: =(sum_!B14+sum_!B18+sum_!B21+sum_!B24)/요약!$J$1 -> 841.29458 | G30: =(sum_!C14+sum_!C18+sum_!C21+sum_!C24)/요약!$J$1 -> 942.59794 | H30: =(sum_!D14+sum_!D18+sum_!D21+sum_!D24)/요약!$J$1 -> 1367.37 | I30: =(sum_!E14+sum_!E18+sum_!E21+sum_!E24)/요약!$J$1 -> 1319.5464 | J30: =(sum_!F14+sum_!F18+sum_!F21+sum_!F24)/요약!$J$1 -> 1162.8272 | K30: =AVERAGE(F30:J30) -> 1126.7272 | O30: 정책수수료 | P30: =F8-F30 -> 954.43517 | Q30: =G8-G30 -> 771.60475 | R30: =H8-H30 -> 979.01859 | S30: =I8-I30 -> 1156.1303 | T30: =J8-J30 -> 1031.7928
E31: 관리수수료 | F31: =(sum_!B16+sum_!B17+sum_!B23)/요약!$J$1 -> 741.87068 | G31: =(sum_!C16+sum_!C17+sum_!C23)/요약!$J$1 -> 724.74415 | H31: =(sum_!D16+sum_!D17+sum_!D23)/요약!$J$1 -> 829.69923 | I31: =(sum_!E16+sum_!E17+sum_!E23)/요약!$J$1 -> 1031.2011 | J31: =(sum_!F16+sum_!F17+sum_!F23)/요약!$J$1 -> 957.73891 | K31: =AVERAGE(F31:J31) -> 857.05082 | O31: 관리수수료 | P31: =F9-F31 -> -18.58347 | Q31: =G9-G31 -> -43.522737 | R31: =H9-H31 -> -50.527487 | S31: =I9-I31 -> -18.827436 | T31: =J9-J31 -> -65.139476
E32: 기타수수료 | F32: =(sum_!B15+sum_!B20+sum_!B22)/요약!$J$1 -> 371.44571 | G32: =(sum_!C15+sum_!C20+sum_!C22)/요약!$J$1 -> 241.79219 | H32: =(sum_!D15+sum_!D20+sum_!D22)/요약!$J$1 -> 283.43471 | I32: =(sum_!E15+sum_!E20+sum_!E22)/요약!$J$1 -> 666.62364 | J32: =(sum_!F15+sum_!F20+sum_!F22)/요약!$J$1 -> 583.50702 | K32: =AVERAGE(F32:J32) -> 429.36065 | O32: 기타수수료 | P32: =F10-F32 -> 146.48057 | Q32: =G10-G32 -> 83.194536 | R32: =H10-H32 -> 110.81514 | S32: =I10-I32 -> 128.39069 | T32: =J10-J32 -> -29.353821
C33: 매출원가 | F33: =sum_!B25/요약!$J$1 -> 1805.7657 | G33: =sum_!C25/요약!$J$1 -> 1745.9829 | H33: =sum_!D25/요약!$J$1 -> 2390.6465 | I33: =sum_!E25/요약!$J$1 -> 2337.6833 | J33: =sum_!F25/요약!$J$1 -> 1877.2771 | K33: =AVERAGE(F33:J33) -> 2031.4711 | M33: 매출원가 | P33: =F11-F33 -> 674.9488 | Q33: =G11-G33 -> 530.52202 | R33: =H11-H33 -> 513.22571 | S33: =I11-I33 -> 563.78519 | T33: =J11-J33 -> 473.59838
C34: 매출총이익 | F34: =F27-F33 -> 1714.1886 | G34: =G27-G33 -> 1643.6284 | H34: =H27-H33 -> 2199.607 | I34: =I27-I33 -> 2630.4749 | J34: =J27-J33 -> 2393.0729 | K34: =AVERAGE(F34:J34) -> 2116.1944 | M34: 매출총이익 | P34: =F12-F34 -> 964.16169 | Q34: =G12-G34 -> 767.94547 | R34: =H12-H34 -> 867.36416 | S34: =I12-I34 -> 1246.2744 | T34: =J12-J34 -> 891.61993
C35: 판매비와관리비 | F35: =SUM(F36:F40) -> 2262.7344 | G35: =SUM(G36:G40) -> 2037.7883 | H35: =SUM(H36:H40) -> 2425.7293 | I35: =SUM(I36:I40) -> 3106.2896 | J35: =SUM(J36:J40) -> 2598.3076 | K35: =AVERAGE(F35:J35) -> 2486.1698 | M35: 판매비와관리비 | P35: =F13-F35 -> -12.001354 | Q35: =G13-G35 -> 3.175563 | R35: =H13-H35 -> -156.68482 | S35: =I13-I35 -> -171.45209 | T35: =J13-J35 -> -69.11666
D36: 인건비 | F36: =(sum_!B29+sum_!B30+sum_!B63+sum_!B70+sum_!B71+sum_!B73+sum_!B74)/요약!$J$1 -> 1853.8066 | G36: =(sum_!C29+sum_!C30+sum_!C63+sum_!C70+sum_!C71+sum_!C73+sum_!C74)/요약!$J$1 -> 1582.9027 | H36: =(sum_!D29+sum_!D30+sum_!D63+sum_!D70+sum_!D71+sum_!D73+sum_!D74)/요약!$J$1 -> 1914.0493 | I36: =(sum_!E29+sum_!E30+sum_!E63+sum_!E70+sum_!E71+sum_!E73+sum_!E74)/요약!$J$1 -> 2319.9488 | J36: =(sum_!F29+sum_!F30+sum_!F63+sum_!F70+sum_!F71+sum_!F73+sum_!F74)/요약!$J$1 -> 2023.2392 | K36: =AVERAGE(F36:J36) -> 1938.7893 | N36: 인건비 | P36: =F14-F36 -> -93.291272 | Q36: =G14-G36 -> -59.204306 | R36: =H14-H36 -> -157.63754 | S36: =I14-I36 -> -81.691164 | T36: =J14-J36 -> -164.13726
D37: 마케팅비 | F37: =(sum_!B217+sum_!B229+sum_!B215)/요약!$J$1 -> 151.08349 | G37: =(sum_!C217+sum_!C229+sum_!C215)/요약!$J$1 -> 191.31563 | H37: =(sum_!D217+sum_!D229+sum_!D215)/요약!$J$1 -> 273.12938 | I37: =(sum_!E217+sum_!E229+sum_!E215)/요약!$J$1 -> 455.21487 | J37: =(sum_!F217+sum_!F229+sum_!F215)/요약!$J$1 -> 259.15586 | K37: =AVERAGE(F37:J37) -> 265.97985 | N37: 마케팅비 | P37: =F15-F37 -> 15.729655 | Q37: =G15-G37 -> 31.759783 | R37: =H15-H37 -> -47.534528 | S37: =I15-I37 -> -139.17208 | T37: =J15-J37 -> 68.482697
D38: 임차관리비 | F38: =(sum_!B133+sum_!B142)/요약!$J$1 -> 122.81005 | G38: =(sum_!C133+sum_!C142)/요약!$J$1 -> 134.24225 | H38: =(sum_!D133+sum_!D142)/요약!$J$1 -> 109.42737 | I38: =(sum_!E133+sum_!E142)/요약!$J$1 -> 162.52804 | J38: =(sum_!F133+sum_!F142)/요약!$J$1 -> 145.25295 | K38: =AVERAGE(F38:J38) -> 134.85213 | N38: 임차관리비 | P38: =F16-F38 -> 44.84126 | Q38: =G16-G38 -> 10.593159 | R38: =H16-H38 -> 23.618754 | S38: =I16-I38 -> 12.332293 | T38: =J16-J38 -> 3.942901
D39: 감가상각비 | F39: =(sum_!B238+sum_!B141)/요약!$J$1 -> 3.143632 | G39: =(sum_!C238+sum_!C141)/요약!$J$1 -> 5.480274 | H39: =(sum_!D238+sum_!D141)/요약!$J$1 -> 3.359666 | I39: =(sum_!E238+sum_!E141)/요약!$J$1 -> 1.151159 | J39: =(sum_!F238+sum_!F141)/요약!$J$1 -> 2.245927 | K39: =AVERAGE(F39:J39) -> 3.0761316 | N39: 감가상각비 | P39: =F17-F39 -> -0.531966 | Q39: =G17-G39 -> -0.608858 | R39: =H17-H39 -> -0.204666 | S39: =I17-I39 -> -0.1045 | T39: =J17-J39 -> -0.145458
D40: 기타운영비 | F40: =(sum_!B115+sum_!B122+sum_!B126+sum_!B136+sum_!B151+sum_!B156+sum_!B164+sum_!B171+sum_!B178+sum_!B181+sum_!B193+sum_!B199)/요약!$J$1 -> 131.89059 | G40: =(sum_!C115+sum_!C122+sum_!C126+sum_!C136+sum_!C151+sum_!C156+sum_!C164+sum_!C171+sum_!C178+sum_!C181+sum_!C193+sum_!C199)/요약!$J$1 -> 123.84745 | H40: =(sum_!D115+sum_!D122+sum_!D126+sum_!D136+sum_!D151+sum_!D156+sum_!D164+sum_!D171+sum_!D178+sum_!D181+sum_!D193+sum_!D199)/요약!$J$1 -> 125.76363 | I40: =(sum_!E115+sum_!E122+sum_!E126+sum_!E136+sum_!E151+sum_!E156+sum_!E164+sum_!E171+sum_!E178+sum_!E181+sum_!E193+sum_!E199)/요약!$J$1 -> 167.44675 | J40: =(sum_!F115+sum_!F122+sum_!F126+sum_!F136+sum_!F151+sum_!F156+sum_!F164+sum_!F171+sum_!F178+sum_!F181+sum_!F193+sum_!F199)/요약!$J$1 -> 168.41367 | K40: =AVERAGE(F40:J40) -> 143.47242 | N40: 기타운영비 | P40: =F18-F40 -> 21.250969 | Q40: =G18-G40 -> 20.635785 | R40: =H18-H40 -> 25.073156 | S40: =I18-I40 -> 37.183357 | T40: =J18-J40 -> 22.740458
C41: 영업이익 | F41: =F34-F35 -> -548.5458 | G41: =G34-G35 -> -394.15986 | H41: =H34-H35 -> -226.12233 | I41: =I34-I35 -> -475.81474 | J41: =J34-J35 -> -205.23472 | K41: =AVERAGE(F41:J41) -> -369.97549 | M41: 영업이익 | P41: =F19-F41 -> 976.16304 | Q41: =G19-G41 -> 764.76991 | R41: =H19-H41 -> 1024.049 | S41: =I19-I41 -> 1417.7265 | T41: =J19-J41 -> 960.73659

Sheet sum
A1: 계정명 | B1: 강북본부 | C1: 강남본부 | D1: 강서본부 | E1: 동부본부 | F1: 서부본부
A3: 매 출 | B3: =IFERROR(VLOOKUP(sum!A3,강북본부!$A:$B,2,0),0) -> 5159064832 | C3: =IFERROR(VLOOKUP(A3,강남본부!$A:$B,2,0),0) -> 4688078759 | D3: =IFERROR(VLOOKUP(A3,강서본부!$A:$B,2,0),0) -> 5970843377 | E3: =IFERROR(VLOOKUP(A3,동부본부!$A:$B,2,0),0) -> 6778217809 | F3: =IFERROR(VLOOKUP(A3,서부본부!$A:$B,2,0),0) -> 5635568277
A4: 상 품 매 출 | B4: =IFERROR(VLOOKUP(sum!A4,강북본부!$A:$B,2,0),0) -> 2122121592 | C4: =IFERROR(VLOOKUP(A4,강남본부!$A:$B,2,0),0) -> 1967667930 | D4: =IFERROR(VLOOKUP(A4,강서본부!$A:$B,2,0),0) -> 2451033166 | E4: =IFERROR(VLOOKUP(A4,동부본부!$A:$B,2,0),0) -> 2495153114 | F4: =IFERROR(VLOOKUP(A4,서부본부!$A:$B,2,0),0) -> 1994195660
A5: 상품단말기매출-고객 | B5: =IFERROR(VLOOKUP(sum!A5,강북본부!$A:$B,2,0),0) -> 2058090 | C5: =IFERROR(VLOOKUP(A5,강남본부!$A:$B,2,0),0) -> 2693273 | D5: =IFERROR(VLOOKUP(A5,강서본부!$A:$B,2,0),0) -> 10925854 | E5: =IFERROR(VLOOKUP(A5,동부본부!$A:$B,2,0),0) -> 12235444 | F5: =IFERROR(VLOOKUP(A5,서부본부!$A:$B,2,0),0) -> 6551478
A6: 상품단말기매출-판매점 | B6: =IFERROR(VLOOKUP(sum!A6,강북본부!$A:$B,2,0),0) -> 0 | C6: =IFERROR(VLOOKUP(A6,강남본부!$A:$B,2,0),0) -> 0 | D6: =IFERROR(VLOOKUP(A6,강서본부!$A:$B,2,0),0) -> 0 | E6: =IFERROR(VLOOKUP(A6,동부본부!$A:$B,2,0),0) -> 0 | F6: =IFERROR(VLOOKUP(A6,서부본부!$A:$B,2,0),0) -> 0
A7: 상품매출액-대형유통 | B7: =IFERROR(VLOOKUP(sum!A7,강북본부!$A:$B,2,0),0) -> 0 | C7: =IFERROR(VLOOKUP(A7,강남본부!$A:$B,2,0),0) -> 0 | D7: =IFERROR(VLOOKUP(A7,강서본부!$A:$B,2,0),0) -> 0 | E7: =IFERROR(VLOOKUP(A7,동부본부!$A:$B,2,0),0) -> 0 | F7: =IFERROR(VLOOKUP(A7,서부본부!$A:$B,2,0),0) -> 0
A8: 상품매출액-채권승계 | B8: =IFERROR(VLOOKUP(sum!A8,강북본부!$A:$B,2,0),0) -> 2024158954 | C8: =IFERROR(VLOOKUP(A8,강남본부!$A:$B,2,0),0) -> 1875142292 | D8: =IFERROR(VLOOKUP(A8,강서본부!$A:$B,2,0),0) -> 2269806798 | E8: =IFERROR(VLOOKUP(A8,동부본부!$A:$B,2,0),0) -> 2355017293 | F8: =IFERROR(VLOOKUP(A8,서부본부!$A:$B,2,0),0) -> 1879651928
A9: 상품매출액-신용카드매출 | B9: =IFERROR(VLOOKUP(sum!A9,강북본부!$A:$B,2,0),0) -> 42497188 | C9: =IFERROR(VLOOKUP(A9,강남본부!$A:$B,2,0),0) -> 43595517 | D9: =IFERROR(VLOOKUP(A9,강서본부!$A:$B,2,0),0) -> 67854354 | E9: =IFERROR(VLOOKUP(A9,동부본부!$A:$B,2,0),0) -> 58351818 | F9: =IFERROR(VLOOKUP(A9,서부본부!$A:$B,2,0),0) -> 50175462
A10: 상품매출액-부분납 | B10: =IFERROR(VLOOKUP(sum!A10,강북본부!$A:$B,2,0),0) -> 0 | C10: =IFERROR(VLOOKUP(A10,강남본부!$A:$B,2,0),0) -> 0 | D10: =IFERROR(VLOOKUP(A10,강서본부!$A:$B,2,0),0) -> 0 | E10: =IFERROR(VLOOKUP(A10,동부본부!$A:$B,2,0),0) -> 0 | F10: =IFERROR(VLOOKUP(A10,서부본부!$A:$B,2,0),0) -> 0
A11: 상품매출액-보험매출 | B11: =IFERROR(VLOOKUP(sum!A11,강북본부!$A:$B,2,0),0) -> 53407360 | C11: =IFERROR(VLOOKUP(A11,강남본부!$A:$B,2,0),0) -> 46236848 | D11: =IFERROR(VLOOKUP(A11,강서본부!$A:$B,2,0),0) -> 102446160 | E11: =IFERROR(VLOOKUP(A11,동부본부!$A:$B,2,0),0) -> 69548559 | F11: =IFERROR(VLOOKUP(A11,서부본부!$A:$B,2,0),0) -> 57816792
A12: 상품매출-기타 | B12: =IFERROR(VLOOKUP(sum!A12,강북본부!$A:$B,2,0),0) -> 0 | C12: =IFERROR(VLOOKUP(A12,강남본부!$A:$B,2,0),0) -> 0 | D12: =IFERROR(VLOOKUP(A12,강서본부!$A:$B,2,0),0) -> 0 | E12: =IFERROR(VLOOKUP(A12,동부본부!$A:$B,2,0),0) -> 0 | F12: =IFERROR(VLOOKUP(A12,서부본부!$A:$B,2,0),0) -> 0
A13: 수수료수입 | B13: =IFERROR(VLOOKUP(sum!A13,강북본부!$A:$B,2,0),0) -> 3036943240 | C13: =IFERROR(VLOOKUP(A13,강남본부!$A:$B,2,0),0) -> 2720410829 | D13: =IFERROR(VLOOKUP(A13,강서본부!$A:$B,2,0),0) -> 3519810211 | E13: =IFERROR(VLOOKUP(A13,동부본부!$A:$B,2,0),0) -> 4283064695 | F13: =IFERROR(VLOOKUP(A13,서부본부!$A:$B,2,0),0) -> 3641372617
A14: 수수료수입-KT(RDS) | B14: =IFERROR(VLOOKUP(sum!A14,강북본부!$A:$B,2,0),0) -> 1431919308 | C14: =IFERROR(VLOOKUP(A14,강남본부!$A:$B,2,0),0) -> 1357374190 | D14: =IFERROR(VLOOKUP(A14,강서본부!$A:$B,2,0),0) -> 1862124512 | E14: =IFERROR(VLOOKUP(A14,동부본부!$A:$B,2,0),0) -> 1963911955 | F14: =IFERROR(VLOOKUP(A14,서부본부!$A:$B,2,0),0) -> 1647684587
... A239: 영 업 이 익 | B239: =IFERROR(VLOOKUP(sum!A239,강북본부!$A:$B,2,0),0) -> 427617243 | C239: =IFERROR(VLOOKUP(A239,강남본부!$A:$B,2,0),0) -> 370610043 | D239: =IFERROR(VLOOKUP(A239,강서본부!$A:$B,2,0),0) -> 797926655 | E239: =IFERROR(VLOOKUP(A239,동부본부!$A:$B,2,0),0) -> 941911794 | F239: =IFERROR(VLOOKUP(A239,서부본부!$A:$B,2,0),0) -> 755501863

Sheet 강북본부
A1: 계정명 | B1: 합계 | C1: B3034 | D1: B3035 | E1: B3036 | F1: B3037 | G1: B3038 | H1: B3062
A2: 계정명 | B2: 합계 | C2: 강북영업강화팀 | D2: 강북소매지사 | E2: 강동소매지사 | F2: 강북도매지사 | G2: 강원도매지사 | H2: 강북소상공인영업팀
A3: 손 익 | B3: 427617243 | C3: -97240965 | D3: 178151427 | E3: 227019906 | F3: 82679322 | G3: 66345993 | H3: -29338440
A4: 매 출 | B4: 5159064832 | C4: 0 | D4: 2132386788 | E4: 2183577751 | F4: 475378719 | G4: 149727557 | H4: 217994017
A5: 상 품 매 출 | B5: 2122121592 | C5: 0 | D5: 1067896866 | E5: 1032388845 | F5: 159406 | G5: 73111 | H5: 21603364
A6: 상품단말기매출-고객 | B6: 2058090 | C6: 0 | D6: 955454 | E6: 1102636 | F6: 0 | G6: 0 | H6: 0
A7: 상품매출액-채권승계 | B7: 2024158954 | C7: 0 | D7: 1018572682 | E7: 983750391 | F7: 159406 | G7: 73111 | H7: 21603364
A8: 상품매출액-신용카드매출 | B8: 42497188 | C8: 0 | D8: 22032790 | E8: 20464398 | F8: 0 | G8: 0 | H8: 0
A9: 상품매출액-보험매출 | B9: 53407360 | C9: 0 | D9: 26335940 | E9: 27071420 | F9: 0 | G9: 0 | H9: 0
A10: 수수료수입 | B10: 3036943240 | C10: 0 | D10: 1064489922 | E10: 1151188906 | F10: 475219313 | G10: 149654446 | H10: 196390653
A11: 수수료수입-KT(RDS) | B11: 1431919308 | C11: 0 | D11: 661987902 | E11: 748550294 | F11: -66274 | G11: 109 | H11: 21447277
A12: 수수료수입-기타 | B12: 24354091 | C12: 0 | D12: 0 | E12: 909091 | F12: 0 | G12: 0 | H12: 23445000
A13: 수수료수입-관리 | B13: 572057194 | C13: 0 | D13: 216898827 | E13: 202521852 | F13: 113653872 | G13: 16382364 | H13: 22600279
A14: 수수료수입-매장성 | B14: 17593641 | C14: 0 | D14: 8418910 | E14: 7843231 | F14: 1330000 | G14: 1500 | H14: 0
... A124: 희석주당순이익 | B124: 0 | C124: 0 | D124: 0 | E124: 0 | F124: 0 | G124: 0 | H124: 0

Sheet 강남본부
A1: 계정명 | B1: 합계 | C1: B3041 | D1: B3042 | E1: B3043 | F1: B3044 | G1: B3063
A2: 계정명 | B2: 합계 | C2: 강남영업강화팀 | D2: 강남소매지사 | E2: 남부소매지사 | F2: 강남도매지사 | G2: 강남소상공인영업팀
A3: 손 익 | B3: 370610043 | C3: -134994521 | D3: 201633114 | E3: 277454692 | F3: 55129900 | G3: -28613142
A4: 매 출 | B4: 4688078759 | C4: 11573 | D4: 1805971552 | E4: 2358639866 | F4: 413476623 | G4: 109979145
A5: 상 품 매 출 | B5: 1967667930 | C5: 0 | D5: 881984818 | E5: 1081865328 | F5: 51966 | G5: 3765818
A6: 상품단말기매출-고객 | B6: 2693273 | C6: 0 | D6: 963909 | E6: 1729364 | F6: 0 | G6: 0
A7: 상품매출액-채권승계 | B7: 1875142292 | C7: 0 | D7: 841913181 | E7: 1029411327 | F7: 51966 | G7: 3765818
A8: 상품매출액-신용카드매출 | B8: 43595517 | C8: 0 | D8: 21474318 | E8: 22121199 | F8: 0 | G8: 0
A9: 상품매출액-보험매출 | B9: 46236848 | C9: 0 | D9: 17633410 | E9: 28603438 | F9: 0 | G9: 0
A10: 수수료수입 | B10: 2720410829 | C10: 11573 | D10: 923986734 | E10: 1276774538 | F10: 413424657 | G10: 106213327
A11: 수수료수입-KT(RDS) | B11: 1357374190 | C11: 0 | D11: 563969663 | E11: 788974762 | F11: -155392 | G11: 4585157
A12: 수수료수입-기타 | B12: 7979636 | C12: 0 | D12: 0 | E12: 574636 | F12: 0 | G12: 7405000
A13: 수수료수입-관리 | B13: 549799608 | C13: 11573 | D13: 197532287 | E13: 239843209 | F13: 95723273 | G13: 16689266
A14: 수수료수입-매장성 | B14: 16876343 | C14: 0 | D14: 7810603 | E14: 8234240 | F14: 831500 | G14: 0
... A127: 희석주당순이익 | B127: 0 | C127: 0 | D127: 0 | E127: 0 | F127: 0 | G127: 0

Sheet 강서본부
A1: 계정명 | B1: 합계 | C1: B3046 | D1: B3047 | E1: B3048 | F1: B3049 | G1: B3064
A2: 계정명 | B2: 합계 | C2: 강서영업강화팀 | D2: 강서소매지사 | E2: 인천소매지사 | F2: 강서도매지사 | G2: 강서소상공인영업팀
A3: 손 익 | B3: 797926655 | C3: -84674394 | D3: 440315084 | E3: 344720029 | F3: 122637917 | G3: -25071981
A4: 매 출 | B4: 5970843377 | C4: 0 | D4: 3228823195 | E4: 2115775055 | F4: 458155527 | G4: 168089600
A5: 상 품 매 출 | B5: 2451033166 | C5: 0 | D5: 1517049707 | E5: 915824968 | F5: 111037 | G5: 18047454
A6: 상품단말기매출-고객 | B6: 10925854 | C6: 0 | D6: 6407718 | E6: 4518136 | F6: 0 | G6: 0
A7: 상품매출액-채권승계 | B7: 2269806798 | C7: 0 | D7: 1394211976 | E7: 857436331 | F7: 111037 | G7: 18047454
A8: 상품매출액-신용카드매출 | B8: 67854354 | C8: 0 | D8: 48869385 | E8: 18984969 | F8: 0 | G8: 0
A9: 상품매출액-보험매출 | B9: 102446160 | C9: 0 | D9: 67560628 | E9: 34885532 | F9: 0 | G9: 0
A10: 수수료수입 | B10: 3519810211 | C10: 0 | D10: 1711773488 | E10: 1199950087 | F10: 458044490 | G10: 150042146
A11: 수수료수입-KT(RDS) | B11: 1862124512 | C11: 0 | D11: 1085954732 | E11: 765532698 | F11: -90755 | G11: 10727837
A12: 수수료수입-기타 | B12: 29432727 | C12: 0 | D12: 892727 | E12: 0 | F12: 0 | G12: 28540000
A13: 수수료수입-관리 | B13: 623504520 | C13: 0 | D13: 319545515 | E13: 193863274 | F13: 92239614 | G13: 17856117
A14: 수수료수입-매장성 | B14: 19303569 | C14: 0 | D14: 11673013 | E14: 6552056 | F14: 1078500 | G14: 0
... A125: 희석주당순이익 | B125: 0 | C125: 0 | D125: 0 | E125: 0 | F125: 0 | G125: 0

Sheet 동부본부
A1: 계정명 | B1: 합계 | C1: B3051 | D1: B3052 | E1: B3053 | F1: B3054 | G1: B3055 | H1: B3065
A2: 계정명 | B2: 합계 | C2: 동부영업강화팀 | D2: 부산소매지사 | E2: 대구소매지사 | F2: 부산도매지사 | G2: 대구도매지사 | H2: 동부소상공인영업팀
A3: 손 익 | B3: 941911794 | C3: -76860219 | D3: 555243818 | E3: 271536448 | F3: 164236790 | G3: 93863518 | H3: -66108561
A4: 매 출 | B4: 6778217809 | C4: 0 | D4: 3038681723 | E4: 2514481059 | F4: 618710319 | G4: 430872890 | H4: 175471818
A5: 상 품 매 출 | B5: 2495153114 | C5: 0 | D5: 1349479097 | E5: 1128186630 | F5: 1259445 | G5: 1007579 | H5: 15220363
A6: 상품단말기매출-고객 | B6: 12235444 | C6: 0 | D6: 5522545 | E6: 6712899 | F6: 0 | G6: 0 | H6: 0
A7: 상품매출액-채권승계 | B7: 2355017293 | C7: 0 | D7: 1259317185 | E7: 1078212721 | F7: 1259445 | G7: 1007579 | H7: 15220363
A8: 상품매출액-신용카드매출 | B8: 58351818 | C8: 0 | D8: 41274436 | E8: 17077382 | F8: 0 | G8: 0 | H8: 0
A9: 상품매출액-보험매출 | B9: 69548559 | C9: 0 | D9: 43364931 | E9: 26183628 | F9: 0 | G9: 0 | H9: 0
A10: 수수료수입 | B10: 4283064695 | C10: 0 | D10: 1689202626 | E10: 1386294429 | F10: 617450874 | G10: 429865311 | H10: 160251455
A11: 수수료수입-KT(RDS) | B11: 1963911955 | C11: 0 | D11: 1072299605 | E11: 878179363 | F11: 794288 | G11: -641774 | H11: 13280473
A12: 수수료수입-기타 | B12: 13652272 | C12: 0 | D12: 909090 | E12: 1818182 | F12: 0 | G12: 0 | H12: 10925000
A13: 수수료수입-관리 | B13: 835152698 | C13: 0 | D13: 296263956 | E13: 247712797 | F13: 160379763 | G13: 103234919 | H13: 27561263
A14: 수수료수입-매장성 | B14: 21766408 | C14: 0 | D14: 10712878 | E14: 8902966 | F14: 1275564 | G14: 875000 | H14: 0
... A126: 희석주당순이익 | B126: 0 | C126: 0 | D126: 0 | E126: 0 | F126: 0 | G126: 0 | H126: 0

Sheet 서부본부
A1: 계정명 | B1: 합계 | C1: B3057 | D1: B3058 | E1: B3059 | F1: B3060 | G1: B3061 | H1: B3066
A2: 계정명 | B2: 합계 | C2: 서부영업강화팀 | D2: 충청소매지사 | E2: 호남소매지사 | F2: 충청도매지사 | G2: 호남도매지사 | H2: 서부소상공인영업팀
A3: 손 익 | B3: 755501863 | C3: -93301774 | D3: 308177952 | E3: 277379263 | F3: 178830956 | G3: 45493491 | H3: 38921975
A4: 매 출 | B4: 5635568277 | C4: 0 | D4: 2187789434 | E4: 2265285232 | F4: 494693222 | G4: 302628394 | H4: 385171995
A5: 상 품 매 출 | B5: 1994195660 | C5: 0 | D5: 952855043 | E5: 1015290489 | F5: 861989 | G5: 413047 | H5: 24775092
A6: 상품단말기매출-고객 | B6: 6551478 | C6: 0 | D6: 2111091 | E6: 4440387 | F6: 0 | G6: 0 | H6: 0
A7: 상품매출액-채권승계 | B7: 1879651928 | C7: 0 | D7: 909517133 | E7: 944084667 | F7: 861989 | G7: 413047 | H7: 24775092
A8: 상품매출액-신용카드매출 | B8: 50175462 | C8: 0 | D8: 19804521 | E8: 30370941 | F8: 0 | G8: 0 | H8: 0
A9: 상품매출액-보험매출 | B9: 57816792 | C9: 0 | D9: 21422298 | E9: 36394494 | F9: 0 | G9: 0 | H9: 0
A10: 수수료수입 | B10: 3641372617 | C10: 0 | D10: 1234934391 | E10: 1249994743 | F10: 493831233 | G10: 302215347 | H10: 360396903
A11: 수수료수입-KT(RDS) | B11: 1647684587 | C11: 0 | D11: 798693667 | E11: 820751015 | F11: -100425 | G11: 199 | H11: 28340131
A12: 수수료수입-기타 | B12: 10911668 | C12: 0 | D12: 3136372 | E12: 1363636 | F12: 0 | G12: 0 | H12: 6411660
A13: 수수료수입-관리 | B13: 727535552 | C13: 0 | D13: 231953721 | E13: 216357048 | F13: 162543212 | G13: 88348754 | H13: 28332817
A14: 수수료수입-매장성 | B14: 17791141 | C14: 0 | D14: 8368360 | E14: 7382372 | F14: 1206318 | G14: 834091 | H14: 0
... A125: 희석주당순이익 | B125: 0 | C125: 0 | D125: 0 | E125: 0 | F125: 0 | G125: 0 | H125: 0

Sheet sum_
A1: 계정명 | B1: 강북본부 | C1: 강남본부 | D1: 강서본부 | E1: 동부본부 | F1: 서부본부
A3: 매 출 | B3: =IFERROR(VLOOKUP(sum_!A3,강북본부_전년!$A:$B,2,0),0) -> 3519954340 | C3: =IFERROR(VLOOKUP(A3,강남본부_전년!$A:$B,2,0),0) -> 3389611272 | D3: =IFERROR(VLOOKUP(A3,강서본부_전년!$A:$B,2,0),0) -> 4590253501 | E3: =IFERROR(VLOOKUP(A3,동부본부_전년!$A:$B,2,0),0) -> 4968158170 | F3: =IFERROR(VLOOKUP(A3,서부본부_전년!$A:$B,2,0),0) -> 4270349969
A4: 상 품 매 출 | B4: =IFERROR(VLOOKUP(sum_!A4,강북본부_전년!$A:$B,2,0),0) -> 1565343368 | C4: =IFERROR(VLOOKUP(A4,강남본부_전년!$A:$B,2,0),0) -> 1480476988 | D4: =IFERROR(VLOOKUP(A4,강서본부_전년!$A:$B,2,0),0) -> 2109749538 | E4: =IFERROR(VLOOKUP(A4,동부본부_전년!$A:$B,2,0),0) -> 1950787066 | F4: =IFERROR(VLOOKUP(A4,서부본부_전년!$A:$B,2,0),0) -> 1566276870
A5: 상품단말기매출-고객 | B5: =IFERROR(VLOOKUP(sum_!A5,강북본부_전년!$A:$B,2,0),0) -> 4788727 | C5: =IFERROR(VLOOKUP(A5,강남본부_전년!$A:$B,2,0),0) -> 3603591 | D5: =IFERROR(VLOOKUP(A5,강서본부_전년!$A:$B,2,0),0) -> 2708926 | E5: =IFERROR(VLOOKUP(A5,동부본부_전년!$A:$B,2,0),0) -> 15231728 | F5: =IFERROR(VLOOKUP(A5,서부본부_전년!$A:$B,2,0),0) -> 7095182
A6: 상품단말기매출-판매점 | B6: =IFERROR(VLOOKUP(sum_!A6,강북본부_전년!$A:$B,2,0),0) -> 0 | C6: =IFERROR(VLOOKUP(A6,강남본부_전년!$A:$B,2,0),0) -> 0 | D6: =IFERROR(VLOOKUP(A6,강서본부_전년!$A:$B,2,0),0) -> 0 | E6: =IFERROR(VLOOKUP(A6,동부본부_전년!$A:$B,2,0),0) -> 3689000 | F6: =IFERROR(VLOOKUP(A6,서부본부_전년!$A:$B,2,0),0) -> 0
A7: 상품매출액-대형유통 | B7: =IFERROR(VLOOKUP(sum_!A7,강북본부_전년!$A:$B,2,0),0) -> 0 | C7: =IFERROR(VLOOKUP(A7,강남본부_전년!$A:$B,2,0),0) -> 0 | D7: =IFERROR(VLOOKUP(A7,강서본부_전년!$A:$B,2,0),0) -> 0 | E7: =IFERROR(VLOOKUP(A7,동부본부_전년!$A:$B,2,0),0) -> 0 | F7: =IFERROR(VLOOKUP(A7,서부본부_전년!$A:$B,2,0),0) -> 0
A8: 상품매출액-채권승계 | B8: =IFERROR(VLOOKUP(sum_!A8,강북본부_전년!$A:$B,2,0),0) -> 1478544454 | C8: =IFERROR(VLOOKUP(A8,강남본부_전년!$A:$B,2,0),0) -> 1391993896 | D8: =IFERROR(VLOOKUP(A8,강서본부_전년!$A:$B,2,0),0) -> 1980654809 | E8: =IFERROR(VLOOKUP(A8,동부본부_전년!$A:$B,2,0),0) -> 1832734157 | F8: =IFERROR(VLOOKUP(A8,서부본부_전년!$A:$B,2,0),0) -> 1465820915
A9: 상품매출액-신용카드매출 | B9: =IFERROR(VLOOKUP(sum_!A9,강북본부_전년!$A:$B,2,0),0) -> 35090026 | C9: =IFERROR(VLOOKUP(A9,강남본부_전년!$A:$B,2,0),0) -> 34891702 | D9: =IFERROR(VLOOKUP(A9,강서본부_전년!$A:$B,2,0),0) -> 52234291 | E9: =IFERROR(VLOOKUP(A9,동부본부_전년!$A:$B,2,0),0) -> 46923613 | F9: =IFERROR(VLOOKUP(A9,서부본부_전년!$A:$B,2,0),0) -> 37870500
A10: 상품매출액-부분납 | B10: =IFERROR(VLOOKUP(sum_!A10,강북본부_전년!$A:$B,2,0),0) -> 0 | C10: =IFERROR(VLOOKUP(A10,강남본부_전년!$A:$B,2,0),0) -> 0 | D10: =IFERROR(VLOOKUP(A10,강서본부_전년!$A:$B,2,0),0) -> 0 | E10: =IFERROR(VLOOKUP(A10,동부본부_전년!$A:$B,2,0),0) -> 0 | F10: =IFERROR(VLOOKUP(A10,서부본부_전년!$A:$B,2,0),0) -> 0
A11: 상품매출액-보험매출 | B11: =IFERROR(VLOOKUP(sum_!A11,강북본부_전년!$A:$B,2,0),0) -> 46920161 | C11: =IFERROR(VLOOKUP(A11,강남본부_전년!$A:$B,2,0),0) -> 49987799 | D11: =IFERROR(VLOOKUP(A11,강서본부_전년!$A:$B,2,0),0) -> 74151512 | E11: =IFERROR(VLOOKUP(A11,동부본부_전년!$A:$B,2,0),0) -> 52208568 | F11: =IFERROR(VLOOKUP(A11,서부본부_전년!$A:$B,2,0),0) -> 55490273
A12: 상품매출-기타 | B12: =IFERROR(VLOOKUP(sum_!A12,강북본부_전년!$A:$B,2,0),0) -> 0 | C12: =IFERROR(VLOOKUP(A12,강남본부_전년!$A:$B,2,0),0) -> 0 | D12: =IFERROR(VLOOKUP(A12,강서본부_전년!$A:$B,2,0),0) -> 0 | E12: =IFERROR(VLOOKUP(A12,동부본부_전년!$A:$B,2,0),0) -> 0 | F12: =IFERROR(VLOOKUP(A12,서부본부_전년!$A:$B,2,0),0) -> 0
A13: 수수료수입 | B13: =IFERROR(VLOOKUP(sum_!A13,강북본부_전년!$A:$B,2,0),0) -> 1954610972 | C13: =IFERROR(VLOOKUP(A13,강남본부_전년!$A:$B,2,0),0) -> 1909134284 | D13: =IFERROR(VLOOKUP(A13,강서본부_전년!$A:$B,2,0),0) -> 2480503963 | E13: =IFERROR(VLOOKUP(A13,동부본부_전년!$A:$B,2,0),0) -> 3017371104 | F13: =IFERROR(VLOOKUP(A13,서부본부_전년!$A:$B,2,0),0) -> 2704073099
A14: 수수료수입-KT(RDS) | B14: =IFERROR(VLOOKUP(sum_!A14,강북본부_전년!$A:$B,2,0),0) -> 634622031 | C14: =IFERROR(VLOOKUP(A14,강남본부_전년!$A:$B,2,0),0) -> 665843184 | D14: =IFERROR(VLOOKUP(A14,강서본부_전년!$A:$B,2,0),0) -> 974306244 | E14: =IFERROR(VLOOKUP(A14,동부본부_전년!$A:$B,2,0),0) -> 947955753 | F14: =IFERROR(VLOOKUP(A14,서부본부_전년!$A:$B,2,0),0) -> 868910001
... A239: 영 업 손 실 | B239: =IFERROR(VLOOKUP(sum_!A239,강북본부_전년!$A:$B,2,0),0) -> 548545801 | C239: =IFERROR(VLOOKUP(A239,강남본부_전년!$A:$B,2,0),0) -> 394159862 | D239: =IFERROR(VLOOKUP(A239,강서본부_전년!$A:$B,2,0),0) -> 226122330 | E239: =IFERROR(VLOOKUP(A239,동부본부_전년!$A:$B,2,0),0) -> 475814744 | F239: =IFERROR(VLOOKUP(A239,서부본부_전년!$A:$B,2,0),0) -> 205234722

Sheet 강북본부_전년
A1: 계정명 | B1: 합계 | C1: B3034 | D1: B3035 | E1: B3036 | F1: B3037 | G1: B3038 | H1: B3062
A2: 계정명 | B2: 합계 | C2: 강북영업강화팀 | D2: 강북소매지사 | E2: 강동소매지사 | F2: 강북도매지사 | G2: 강원도매지사 | H2: 강북소상공인영업팀
A3: 손 익 | B3: -548545801 | C3: -109629485 | D3: -195363704 | E3: -146151765 | F3: -22530651 | G3: -17827554 | H3: -57042642
A4: 매 출 | B4: 3519954340 | C4: 18445 | D4: 1339204595 | E4: 1612637800 | F4: 328995184 | G4: 133181660 | H4: 105916656
A5: 상 품 매 출 | B5: 1565343368 | C5: 0 | D5: 705179757 | E5: 852435454 | F5: 525729 | G5: 119792 | H5: 7082636
A6: 상품단말기매출-고객 | B6: 4788727 | C6: 0 | D6: 2153909 | E6: 2634818 | F6: 0 | G6: 0 | H6: 0
A7: 상품매출액-채권승계 | B7: 1478544454 | C7: 0 | D7: 682789120 | E7: 788034177 | F7: 525729 | G7: 119792 | H7: 7075636
A8: 상품매출액-신용카드매출 | B8: 35090026 | C8: 0 | D8: 9672001 | E8: 25411025 | F8: 0 | G8: 0 | H8: 7000
A9: 상품매출액-보험매출 | B9: 46920161 | C9: 0 | D9: 10564727 | E9: 36355434 | F9: 0 | G9: 0 | H9: 0
A10: 수수료수입 | B10: 1954610972 | C10: 18445 | D10: 634024838 | E10: 760202346 | F10: 328469455 | G10: 133061868 | H10: 98834020
A11: 수수료수입-KT(RDS) | B11: 634622031 | C11: 0 | D11: 260356402 | E11: 369718407 | F11: -3440055 | G11: -160278 | H11: 8147555
A12: 수수료수입-기타 | B12: 14845454 | C12: 0 | D12: 0 | E12: 14845454 | F12: 0 | G12: 0 | H12: 0
A13: 수수료수입-관리 | B13: 576871331 | C13: 18445 | D13: 230737456 | E13: 215994813 | F13: 75305917 | G13: 33222487 | H13: 21592213
A14: 수수료수입-매장성 | B14: 10744255 | C14: 0 | D14: 5465589 | E14: 5275666 | F14: 3000 | G14: 0 | H14: 0
... A123: 희석주당순이익 | B123: 0 | C123: 0 | D123: 0 | E123: 0 | F123: 0 | G123: 0 | H123: 0

Sheet 강남본부_전년
A1: 계정명 | B1: 합계 | C1: B3041 | D1: B3042 | E1: B3043 | F1: B3044 | G1: B3063
A2: 계정명 | B2: 합계 | C2: 강남영업강화팀 | D2: 강남소매지사 | E2: 남부소매지사 | F2: 강남도매지사 | G2: 강남소상공인영업팀
A3: 손 익 | B3: -394159862 | C3: -143564052 | D3: -82098798 | E3: -99807043 | F3: -44910261 | G3: -23779708
A4: 매 출 | B4: 3389611272 | C4: 1846181 | D4: 1357225953 | E4: 1629129562 | F4: 321302897 | G4: 80106679
A5: 상 품 매 출 | B5: 1480476988 | C5: 0 | D5: 699546838 | E5: 779647690 | F5: 409369 | G5: 873091
A6: 상품단말기매출-고객 | B6: 3603591 | C6: 0 | D6: 2597954 | E6: 1005637 | F6: 0 | G6: 0
A7: 상품매출액-채권승계 | B7: 1391993896 | C7: 0 | D7: 651392473 | E7: 739318963 | F7: 409369 | G7: 873091
A8: 상품매출액-신용카드매출 | B8: 34891702 | C8: 0 | D8: 16750728 | E8: 18140974 | F8: 0 | G8: 0
A9: 상품매출액-보험매출 | B9: 49987799 | C9: 0 | D9: 28805683 | E9: 21182116 | F9: 0 | G9: 0
A10: 수수료수입 | B10: 1909134284 | C10: 1846181 | D10: 657679115 | E10: 849481872 | F10: 320893528 | G10: 79233588
A11: 수수료수입-KT(RDS) | B11: 665843184 | C11: 0 | D11: 288760741 | E11: 378360394 | F11: -2128877 | G11: 850926
A12: 수수료수입-기타 | B12: -16272 | C12: 0 | D12: 0 | E12: -16272 | F12: 0 | G12: 0
A13: 수수료수입-관리 | B13: 584996158 | C13: 182545 | D13: 216036318 | E13: 266298592 | F13: 81474255 | G13: 21004448
A14: 수수료수입-매장성 | B14: 10033480 | C14: 0 | D14: 5349466 | E14: 4682514 | F14: 1500 | G14: 0
... A122: 희석주당순이익 | B122: 0 | C122: 0 | D122: 0 | E122: 0 | F122: 0 | G122: 0

Sheet 강서본부_전년
A1: 계정명 | B1: 합계 | C1: B3046 | D1: B3047 | E1: B3048 | F1: B3049 | G1: B3064
A2: 계정명 | B2: 합계 | C2: 강서영업강화팀 | D2: 강서소매지사 | E2: 인천소매지사 | F2: 강서도매지사 | G2: 강서소상공인영업팀
A3: 손 익 | B3: -226122330 | C3: -117000298 | D3: -9698128 | E3: -130806496 | F3: -15702754 | G3: 47085346
A4: 매 출 | B4: 4590253501 | C4: 2136363 | D4: 2604165688 | E4: 1488390087 | F4: 328951515 | G4: 166609848
A5: 상 품 매 출 | B5: 2109749538 | C5: 0 | D5: 1364282165 | E5: 736712342 | F5: 541667 | G5: 8213364
A6: 상품단말기매출-고객 | B6: 2708926 | C6: 0 | D6: 2511454 | E6: 197472 | F6: 0 | G6: 0
A7: 상품매출액-채권승계 | B7: 1980654809 | C7: 0 | D7: 1284558888 | E7: 687340890 | F7: 541667 | G7: 8213364
A8: 상품매출액-신용카드매출 | B8: 52234291 | C8: 0 | D8: 31379088 | E8: 20855203 | F8: 0 | G8: 0
A9: 상품매출액-보험매출 | B9: 74151512 | C9: 0 | D9: 45832735 | E9: 28318777 | F9: 0 | G9: 0
A10: 수수료수입 | B10: 2480503963 | C10: 2136363 | D10: 1239883523 | E10: 751677745 | F10: 328409848 | G10: 158396484
A11: 수수료수입-KT(RDS) | B11: 974306244 | C11: 2136363 | D11: 592543207 | E11: 374386420 | F11: -1008911 | G11: 6249165
A12: 수수료수입-기타 | B12: 22310909 | C12: 0 | D12: 22310909 | E12: 0 | F12: 0 | G12: 0
A13: 수수료수입-관리 | B13: 648574564 | C13: 0 | D13: 359187541 | E13: 198776748 | F13: 68291954 | G13: 22318321
A14: 수수료수입-매장성 | B14: 11444050 | C14: 0 | D14: 6974379 | E14: 4466671 | F14: 3000 | G14: 0
... A122: 희석주당순이익 | B122: 0 | C122: 0 | D122: 0 | E122: 0 | F122: 0 | G122: 0

Sheet 동부본부_전년
A1: 계정명 | B1: 합계 | C1: B3051 | D1: B3052 | E1: B3053 | F1: B3054 | G1: B3055 | H1: B3065
A2: 계정명 | B2: 합계 | C2: 동부영업강화팀 | D2: 부산소매지사 | E2: 대구소매지사 | F2: 부산도매지사 | G2: 대구도매지사 | H2: 동부소상공인영업팀
A3: 손 익 | B3: -475814744 | C3: -105952196 | D3: -240628416 | E3: -211427183 | F3: 123239073 | G3: -12183444 | H3: -28862578
A4: 매 출 | B4: 4968158170 | C4: 0 | D4: 1824634388 | E4: 1724058158 | F4: 571017553 | G4: 684199986 | H4: 164248085
A5: 상 품 매 출 | B5: 1950787066 | C5: 0 | D5: 894597068 | E5: 858042262 | F5: 695054 | G5: 184231045 | H5: 13221637
A6: 상품단말기매출-고객 | B6: 15231728 | C6: 0 | D6: 5009637 | E6: 2078909 | F6: 0 | G6: 8143182 | H6: 0
A7: 상품단말기매출-판매점 | B7: 3689000 | C7: 0 | D7: 0 | E7: 0 | F7: 0 | G7: 3689000 | H7: 0
A8: 상품매출액-채권승계 | B8: 1832734157 | C8: 0 | D8: 835213069 | E8: 814040898 | F8: 695054 | G8: 169667408 | H8: 13117728
A9: 상품매출액-신용카드매출 | B9: 46923613 | C9: 0 | D9: 24548515 | E9: 19539734 | F9: 0 | G9: 2731455 | H9: 103909
A10: 상품매출액-보험매출 | B10: 52208568 | C10: 0 | D10: 29825847 | E10: 22382721 | F10: 0 | G10: 0 | H10: 0
A11: 수수료수입 | B11: 3017371104 | C11: 0 | D11: 930037320 | E11: 866015896 | F11: 570322499 | G11: 499968941 | H11: 151026448
A12: 수수료수입-KT(RDS) | B12: 947955753 | C12: 0 | D12: 379772658 | E12: 424891716 | F12: 3328097 | G12: 127030233 | H12: 12933049
A13: 수수료수입-관리 | B13: 840158637 | C13: 0 | D13: 314053549 | E13: 246208942 | F13: 146876278 | G13: 103926379 | H13: 29093489
A14: 수수료수입-매장성 | B14: 12947940 | C14: 0 | D14: 6827233 | E14: 5842935 | F14: 19500 | G14: 258272 | H14: 0
... A121: 희석주당순이익 | B121: 0 | C121: 0 | D121: 0 | E121: 0 | F121: 0 | G121: 0 | H121: 0

Sheet 서부본부_전년
A1: 계정명 | B1: 합계 | C1: B3057 | D1: B3058 | E1: B3059 | F1: B3060 | G1: B3061 | H1: B3066
A2: 계정명 | B2: 합계 | C2: 서부영업강화팀 | D2: 충청소매지사 | E2: 호남소매지사 | F2: 충청도매지사 | G2: 호남도매지사 | H2: 서부소상공인영업팀
A3: 손 익 | B3: -205234722 | C3: -149386965 | D3: -67949461 | E3: -171579590 | F3: 162043772 | G3: 69265748 | H3: -47628226
A4: 매 출 | B4: 4270349969 | C4: 20109 | D4: 1684437373 | E4: 1548817275 | F4: 511395365 | G4: 334054894 | H4: 191624953
A5: 상 품 매 출 | B5: 1566276870 | C5: 0 | D5: 774510080 | E5: 768044445 | F5: 843960 | G5: 557567 | H5: 22320818
A6: 상품단말기매출-고객 | B6: 7095182 | C6: 0 | D6: 859546 | E6: 6235636 | F6: 0 | G6: 0 | H6: 0
A7: 상품매출액-채권승계 | B7: 1465820915 | C7: 0 | D7: 732048217 | E7: 710050353 | F7: 843960 | G7: 557567 | H7: 22320818
A8: 상품매출액-신용카드매출 | B8: 37870500 | C8: 0 | D8: 17599727 | E8: 20270773 | F8: 0 | G8: 0 | H8: 0
A9: 상품매출액-보험매출 | B9: 55490273 | C9: 0 | D9: 24002590 | E9: 31487683 | F9: 0 | G9: 0 | H9: 0
A10: 수수료수입 | B10: 2704073099 | C10: 20109 | D10: 909927293 | E10: 780772830 | F10: 510551405 | G10: 333497327 | H10: 169304135
A11: 수수료수입-KT(RDS) | B11: 868910001 | C11: 0 | D11: 484623208 | E11: 385810395 | F11: -7875432 | G11: -2830242 | H11: 9182072
A12: 수수료수입-기타 | B12: 2090907 | C12: 0 | D12: 1636362 | E12: 454545 | F12: 0 | G12: 0 | H12: 0
A13: 수수료수입-관리 | B13: 784684138 | C13: 20109 | D13: 255745563 | E13: 227329885 | F13: 176010331 | G13: 98487598 | H13: 27090652
A14: 수수료수입-매장성 | B14: 11086918 | C14: 0 | D14: 5377355 | E14: 5702063 | F14: 4500 | G14: 3000 | H14: 0
... A117: 희석주당순이익 | B117: 0 | C117: 0 | D117: 0 | E117: 0 | F117: 0 | G117: 0 | H117: 0
